SH,2018/1/1
SH,2018/2/15
SH,2018/2/16
SH,2018/2/17
SH,2018/2/18
SH,2018/2/19
SH,2018/2/20
SH,2018/2/21
SH,2018/4/5
SH,2018/4/6
SH,2018/4/30
SH,2018/5/1
SH,2018/6/18
SH,2018/9/24
SH,2018/10/1
SH,2018/10/2
SH,2018/10/3
SH,2018/10/4
SH,2018/10/5
SH,2018/10/6
SH,2018/10/7
SH,2018/12/31
SH,2019/1/1
SH,2019/1/5
SH,2019/1/6
SH,2019/1/12
SH,2019/1/13
SH,2019/1/19
SH,2019/1/20
SH,2019/1/26
SH,2019/1/27
SH,2019/2/2
SH,2019/2/3
SH,2019/2/4
SH,2019/2/5
SH,2019/2/6
SH,2019/2/7
SH,2019/2/8
SH,2019/2/9
SH,2019/2/10
SH,2019/2/16
SH,2019/2/17
SH,2019/2/23
SH,2019/2/24
SH,2019/3/2
SH,2019/3/3
SH,2019/3/9
SH,2019/3/10
SH,2019/3/16
SH,2019/3/17
SH,2019/3/23
SH,2019/3/24
SH,2019/3/30
SH,2019/3/31
SH,2019/4/5
SH,2019/4/6
SH,2019/4/7
SH,2019/4/13
SH,2019/4/14
SH,2019/4/20
SH,2019/4/21
SH,2019/4/27
SH,2019/4/28
SH,2019/5/1
SH,2019/5/2
SH,2019/5/3
SH,2019/5/4
SH,2019/5/5
SH,2019/5/11
SH,2019/5/12
SH,2019/5/18
SH,2019/5/19
SH,2019/5/25
SH,2019/5/26
SH,2019/6/1
SH,2019/6/2
SH,2019/6/7
SH,2019/6/8
SH,2019/6/9
SH,2019/6/15
SH,2019/6/16
SH,2019/6/22
SH,2019/6/23
SH,2019/6/29
SH,2019/6/30
SH,2019/7/6
SH,2019/7/7
SH,2019/7/13
SH,2019/7/14
SH,2019/7/20
SH,2019/7/21
SH,2019/7/27
SH,2019/7/28
SH,2019/8/3
SH,2019/8/4
SH,2019/8/10
SH,2019/8/11
SH,2019/8/17
SH,2019/8/18
SH,2019/8/24
SH,2019/8/25
SH,2019/8/31
SH,2019/9/1
SH,2019/9/7
SH,2019/9/8
SH,2019/9/13
SH,2019/9/14
SH,2019/9/15
SH,2019/9/21
SH,2019/9/22
SH,2019/9/28
SH,2019/9/29
SH,2019/10/1
SH,2019/10/2
SH,2019/10/3
SH,2019/10/4
SH,2019/10/5
SH,2019/10/6
SH,2019/10/7
SH,2019/10/12
SH,2019/10/13
SH,2019/10/19
SH,2019/10/20
SH,2019/10/26
SH,2019/10/27
SH,2019/11/2
SH,2019/11/3
SH,2019/11/9
SH,2019/11/10
SH,2019/11/16
SH,2019/11/17
SH,2019/11/23
SH,2019/11/24
SH,2019/11/30
SH,2019/12/1
SH,2019/12/7
SH,2019/12/8
SH,2019/12/14
SH,2019/12/15
SH,2019/12/21
SH,2019/12/22
SH,2019/12/28
SH,2019/12/29
