SH,2001-01-24
SH,2001-01-25
SH,2001-01-26
SH,2001-01-27
SH,2001-01-28
SH,2001-01-29
SH,2001-01-30
SH,2001-05-01
SH,2001-05-02
SH,2001-05-03
SH,2001-05-04
SH,2001-05-05
SH,2001-05-06
SH,2001-05-07
SH,2001-10-01
SH,2001-10-02
SH,2001-10-03
SH,2001-10-04
SH,2001-10-05
SH,2001-10-06
SH,2001-10-07
SH,2002-01-01
SH,2002-01-02
SH,2002-01-03
SH,2002-02-12
SH,2002-02-13
SH,2002-02-14
SH,2002-02-15
SH,2002-02-16
SH,2002-02-17
SH,2002-02-18
SH,2002-05-01
SH,2002-05-02
SH,2002-05-03
SH,2002-05-04
SH,2002-05-05
SH,2002-05-06
SH,2002-05-07
SH,2002-10-01
SH,2002-10-02
SH,2002-10-03
SH,2002-10-04
SH,2002-10-05
SH,2002-10-06
SH,2002-10-07
SH,2003-01-01
SH,2003-02-01
SH,2003-02-03
SH,2003-02-04
SH,2003-02-05
SH,2003-02-06
SH,2003-02-07
SH,2003-05-01
SH,2003-05-02
SH,2003-05-03
SH,2003-05-04
SH,2003-05-05
SH,2003-05-06
SH,2003-05-07
SH,2003-10-01
SH,2003-10-02
SH,2003-10-03
SH,2003-10-04
SH,2003-10-05
SH,2003-10-06
SH,2003-10-07
SH,2004-01-01
SH,2004-01-22
SH,2004-01-23
SH,2004-01-24
SH,2004-01-25
SH,2004-01-26
SH,2004-01-27
SH,2004-01-28
SH,2004-05-01
SH,2004-05-02
SH,2004-05-03
SH,2004-05-04
SH,2004-05-05
SH,2004-05-06
SH,2004-05-07
SH,2004-10-01
SH,2004-10-02
SH,2004-10-03
SH,2004-10-04
SH,2004-10-05
SH,2004-10-06
SH,2004-10-07
SH,2005-01-01
SH,2005-01-02
SH,2005-01-03
SH,2005-02-07
SH,2005-02-08
SH,2005-02-09
SH,2005-02-10
SH,2005-02-11
SH,2005-02-12
SH,2005-02-13
SH,2005-02-14
SH,2005-02-15
SH,2005-05-01
SH,2005-05-02
SH,2005-05-03
SH,2005-05-04
SH,2005-05-05
SH,2005-05-06
SH,2005-05-07
SH,2005-10-01
SH,2005-10-02
SH,2005-10-03
SH,2005-10-04
SH,2005-10-05
SH,2005-10-06
SH,2005-10-07
SH,2006-01-01
SH,2006-01-02
SH,2006-01-03
SH,2006-01-26
SH,2006-01-27
SH,2006-01-28
SH,2006-01-29
SH,2006-01-30
SH,2006-01-31
SH,2006-02-01
SH,2006-02-02
SH,2006-02-03
SH,2006-02-04
SH,2006-02-05
SH,2006-05-01
SH,2006-05-02
SH,2006-05-03
SH,2006-05-04
SH,2006-05-05
SH,2006-05-06
SH,2006-05-07
SH,2006-10-01
SH,2006-10-02
SH,2006-10-03
SH,2006-10-04
SH,2006-10-05
SH,2006-10-06
SH,2006-10-07
SH,2006-10-08
SH,2007-01-01
SH,2007-01-02
SH,2007-01-03
SH,2007-02-17
SH,2007-02-18
SH,2007-02-19
SH,2007-02-20
SH,2007-02-21
SH,2007-02-22
SH,2007-02-23
SH,2007-02-24
SH,2007-02-25
SH,2007-05-01
SH,2007-05-02
SH,2007-05-03
SH,2007-05-04
SH,2007-05-05
SH,2007-05-06
SH,2007-05-07
SH,2007-10-01
SH,2007-10-02
SH,2007-10-03
SH,2007-10-04
SH,2007-10-05
SH,2007-10-06
SH,2007-10-07
SH,2007-12-30
SH,2007-12-31
SH,2008-01-01
SH,2008-02-06
SH,2008-02-07
SH,2008-02-08
SH,2008-02-09
SH,2008-02-10
SH,2008-02-11
SH,2008-02-12
SH,2008-04-04
SH,2008-04-05
SH,2008-04-06
SH,2008-05-01
SH,2008-05-02
SH,2008-05-03
SH,2008-05-04
SH,2008-06-07
SH,2008-06-08
SH,2008-06-09
SH,2008-09-13
SH,2008-09-14
SH,2008-09-15
SH,2008-09-29
SH,2008-09-30
SH,2008-10-01
SH,2008-10-02
SH,2008-10-03
SH,2008-10-04
SH,2008-10-05
SH,2009-01-01
SH,2009-01-02
SH,2009-01-03
SH,2009-01-25
SH,2009-01-26
SH,2009-01-27
SH,2009-01-28
SH,2009-01-29
SH,2009-01-30
SH,2009-01-31
SH,2009-04-04
SH,2009-04-05
SH,2009-04-06
SH,2009-05-01
SH,2009-05-02
SH,2009-05-03
SH,2009-05-28
SH,2009-05-29
SH,2009-05-30
SH,2009-10-01
SH,2009-10-02
SH,2009-10-03
SH,2009-10-04
SH,2009-10-05
SH,2009-10-06
SH,2009-10-07
SH,2009-10-08
SH,2010-01-01
SH,2010-01-02
SH,2010-01-03
SH,2010-02-13
SH,2010-02-14
SH,2010-02-15
SH,2010-02-16
SH,2010-02-17
SH,2010-02-18
SH,2010-02-19
SH,2010-04-03
SH,2010-04-04
SH,2010-04-05
SH,2010-05-01
SH,2010-05-02
SH,2010-05-03
SH,2010-06-14
SH,2010-06-15
SH,2010-06-16
SH,2010-09-22
SH,2010-09-23
SH,2010-09-24
SH,2010-10-01
SH,2010-10-02
SH,2010-10-03
SH,2010-10-04
SH,2010-10-05
SH,2010-10-06
SH,2010-10-07
SH,2011-01-01
SH,2011-01-02
SH,2011-01-03
SH,2011-02-02
SH,2011-02-03
SH,2011-02-04
SH,2011-02-05
SH,2011-02-06
SH,2011-02-07
SH,2011-02-08
SH,2011-04-03
SH,2011-04-04
SH,2011-04-05
SH,2011-04-30
SH,2011-05-01
SH,2011-05-02
SH,2011-06-04
SH,2011-06-05
SH,2011-06-06
SH,2011-09-10
SH,2011-09-11
SH,2011-09-12
SH,2011-10-01
SH,2011-10-02
SH,2011-10-03
SH,2011-10-04
SH,2011-10-05
SH,2011-10-06
SH,2011-10-07
SH,2012-01-01
SH,2012-01-02
SH,2012-01-03
SH,2012-01-22
SH,2012-01-23
SH,2012-01-24
SH,2012-01-25
SH,2012-01-26
SH,2012-01-27
SH,2012-01-28
SH,2012-04-02
SH,2012-04-03
SH,2012-04-04
SH,2012-04-29
SH,2012-04-30
SH,2012-05-01
SH,2012-06-22
SH,2012-06-23
SH,2012-06-24
SH,2012-09-30
SH,2012-10-01
SH,2012-10-02
SH,2012-10-03
SH,2012-10-04
SH,2012-10-05
SH,2012-10-06
SH,2012-10-07
SH,2013-01-01
SH,2013-01-02
SH,2013-01-03
SH,2013-02-09
SH,2013-02-10
SH,2013-02-11
SH,2013-02-12
SH,2013-02-13
SH,2013-02-14
SH,2013-02-15
SH,2013-04-04
SH,2013-04-05
SH,2013-04-06
SH,2013-04-29
SH,2013-04-30
SH,2013-05-01
SH,2013-06-10
SH,2013-06-11
SH,2013-06-12
SH,2013-09-19
SH,2013-09-20
SH,2013-09-21
SH,2013-10-01
SH,2013-10-02
SH,2013-10-03
SH,2013-10-04
SH,2013-10-05
SH,2013-10-06
SH,2013-10-07
SH,2014-01-01
SH,2014-01-31
SH,2014-02-01
SH,2014-02-02
SH,2014-02-03
SH,2014-02-04
SH,2014-02-05
SH,2014-02-06
SH,2014-04-07
SH,2014-05-01
SH,2014-05-02
SH,2014-06-02
SH,2014-09-08
SH,2014-10-01
SH,2014-10-02
SH,2014-10-03
SH,2014-10-04
SH,2014-10-05
SH,2014-10-06
SH,2014-10-07
SH,2015-01-01
SH,2015-01-02
SH,2015-01-03
SH,2015-02-18
SH,2015-02-19
SH,2015-02-20
SH,2015-02-21
SH,2015-02-22
SH,2015-02-23
SH,2015-02-24
SH,2015-04-04
SH,2015-04-05
SH,2015-04-06
SH,2015-05-01
SH,2015-05-02
SH,2015-05-03
SH,2015-06-20
SH,2015-06-21
SH,2015-06-22
SH,2015-09-03
SH,2015-09-04
SH,2015-09-26
SH,2015-09-27
SH,2015-10-01
SH,2015-10-02
SH,2015-10-03
SH,2015-10-04
SH,2015-10-05
SH,2015-10-06
SH,2015-10-07
SH,2016-01-01
SH,2016-01-02
SH,2016-01-03
SH,2016-02-07
SH,2016-02-08
SH,2016-02-09
SH,2016-02-10
SH,2016-02-11
SH,2016-02-12
SH,2016-02-13
SH,2016-04-02
SH,2016-04-03
SH,2016-04-04
SH,2016-04-30
SH,2016-05-01
SH,2016-05-02
SH,2016-06-09
SH,2016-06-10
SH,2016-06-11
SH,2016-09-15
SH,2016-09-16
SH,2016-09-17
SH,2016-10-01
SH,2016-10-02
SH,2016-10-03
SH,2016-10-04
SH,2016-10-05
SH,2016-10-06
SH,2016-10-07
SH,2016-12-31
SH,2017-01-01
SH,2017-01-02
SH,2017-01-27
SH,2017-01-28
SH,2017-01-29
SH,2017-01-30
SH,2017-01-31
SH,2017-02-01
SH,2017-02-02
SH,2017-04-02
SH,2017-04-03
SH,2017-04-04
SH,2017-05-01
SH,2017-05-28
SH,2017-05-29
SH,2017-05-30
SH,2017-10-01
SH,2017-10-02
SH,2017-10-03
SH,2017-10-04
SH,2017-10-05
SH,2017-10-06
SH,2017-10-07
SH,2017-10-08
SH,2017-12-30
SH,2017-12-31
SH,2018-01-01
SH,2018-02-15
SH,2018-02-16
SH,2018-02-17
SH,2018-02-18
SH,2018-02-19
SH,2018-02-20
SH,2018-02-21
SH,2018-04-05
SH,2018-04-06
SH,2018-04-30
SH,2018-05-01
SH,2018-06-18
SH,2018-09-24
SH,2018-10-01
SH,2018-10-02
SH,2018-10-03
SH,2018-10-04
SH,2018-10-05
SH,2018-10-06
SH,2018-10-07
SZ,2001-01-24
SZ,2001-01-25
SZ,2001-01-26
SZ,2001-01-27
SZ,2001-01-28
SZ,2001-01-29
SZ,2001-01-30
SZ,2001-05-01
SZ,2001-05-02
SZ,2001-05-03
SZ,2001-05-04
SZ,2001-05-05
SZ,2001-05-06
SZ,2001-05-07
SZ,2001-10-01
SZ,2001-10-02
SZ,2001-10-03
SZ,2001-10-04
SZ,2001-10-05
SZ,2001-10-06
SZ,2001-10-07
SZ,2002-01-01
SZ,2002-01-02
SZ,2002-01-03
SZ,2002-02-12
SZ,2002-02-13
SZ,2002-02-14
SZ,2002-02-15
SZ,2002-02-16
SZ,2002-02-17
SZ,2002-02-18
SZ,2002-05-01
SZ,2002-05-02
SZ,2002-05-03
SZ,2002-05-04
SZ,2002-05-05
SZ,2002-05-06
SZ,2002-05-07
SZ,2002-10-01
SZ,2002-10-02
SZ,2002-10-03
SZ,2002-10-04
SZ,2002-10-05
SZ,2002-10-06
SZ,2002-10-07
SZ,2003-01-01
SZ,2003-02-01
SZ,2003-02-03
SZ,2003-02-04
SZ,2003-02-05
SZ,2003-02-06
SZ,2003-02-07
SZ,2003-05-01
SZ,2003-05-02
SZ,2003-05-03
SZ,2003-05-04
SZ,2003-05-05
SZ,2003-05-06
SZ,2003-05-07
SZ,2003-10-01
SZ,2003-10-02
SZ,2003-10-03
SZ,2003-10-04
SZ,2003-10-05
SZ,2003-10-06
SZ,2003-10-07
SZ,2004-01-01
SZ,2004-01-22
SZ,2004-01-23
SZ,2004-01-24
SZ,2004-01-25
SZ,2004-01-26
SZ,2004-01-27
SZ,2004-01-28
SZ,2004-05-01
SZ,2004-05-02
SZ,2004-05-03
SZ,2004-05-04
SZ,2004-05-05
SZ,2004-05-06
SZ,2004-05-07
SZ,2004-10-01
SZ,2004-10-02
SZ,2004-10-03
SZ,2004-10-04
SZ,2004-10-05
SZ,2004-10-06
SZ,2004-10-07
SZ,2005-01-01
SZ,2005-01-02
SZ,2005-01-03
SZ,2005-02-09
SZ,2005-02-10
SZ,2005-02-11
SZ,2005-02-12
SZ,2005-02-13
SZ,2005-02-14
SZ,2005-02-15
SZ,2005-05-01
SZ,2005-05-02
SZ,2005-05-03
SZ,2005-05-04
SZ,2005-05-05
SZ,2005-05-06
SZ,2005-05-07
SZ,2005-10-01
SZ,2005-10-02
SZ,2005-10-03
SZ,2005-10-04
SZ,2005-10-05
SZ,2005-10-06
SZ,2005-10-07
SZ,2006-01-01
SZ,2006-01-02
SZ,2006-01-03
SZ,2006-01-26
SZ,2006-01-27
SZ,2006-01-28
SZ,2006-01-29
SZ,2006-01-30
SZ,2006-01-31
SZ,2006-02-01
SZ,2006-02-02
SZ,2006-02-03
SZ,2006-02-04
SZ,2006-02-05
SZ,2006-05-01
SZ,2006-05-02
SZ,2006-05-03
SZ,2006-05-04
SZ,2006-05-05
SZ,2006-05-06
SZ,2006-05-07
SZ,2006-10-01
SZ,2006-10-02
SZ,2006-10-03
SZ,2006-10-04
SZ,2006-10-05
SZ,2006-10-06
SZ,2006-10-07
SZ,2006-10-08
SZ,2007-01-01
SZ,2007-01-02
SZ,2007-01-03
SZ,2007-02-17
SZ,2007-02-18
SZ,2007-02-19
SZ,2007-02-20
SZ,2007-02-21
SZ,2007-02-22
SZ,2007-02-23
SZ,2007-02-24
SZ,2007-02-25
SZ,2007-05-01
SZ,2007-05-02
SZ,2007-05-03
SZ,2007-05-04
SZ,2007-05-05
SZ,2007-05-06
SZ,2007-05-07
SZ,2007-10-01
SZ,2007-10-02
SZ,2007-10-03
SZ,2007-10-04
SZ,2007-10-05
SZ,2007-10-06
SZ,2007-10-07
SZ,2007-12-30
SZ,2007-12-31
SZ,2008-01-01
SZ,2008-02-06
SZ,2008-02-07
SZ,2008-02-08
SZ,2008-02-09
SZ,2008-02-10
SZ,2008-02-11
SZ,2008-02-12
SZ,2008-04-04
SZ,2008-04-05
SZ,2008-04-06
SZ,2008-05-01
SZ,2008-05-02
SZ,2008-05-03
SZ,2008-05-04
SZ,2008-06-07
SZ,2008-06-08
SZ,2008-06-09
SZ,2008-09-13
SZ,2008-09-14
SZ,2008-09-15
SZ,2008-09-29
SZ,2008-09-30
SZ,2008-10-01
SZ,2008-10-02
SZ,2008-10-03
SZ,2008-10-04
SZ,2008-10-05
SZ,2009-01-01
SZ,2009-01-02
SZ,2009-01-03
SZ,2009-01-25
SZ,2009-01-26
SZ,2009-01-27
SZ,2009-01-28
SZ,2009-01-29
SZ,2009-01-30
SZ,2009-01-31
SZ,2009-04-04
SZ,2009-04-05
SZ,2009-04-06
SZ,2009-05-01
SZ,2009-05-02
SZ,2009-05-03
SZ,2009-05-28
SZ,2009-05-29
SZ,2009-05-30
SZ,2009-10-01
SZ,2009-10-02
SZ,2009-10-03
SZ,2009-10-04
SZ,2009-10-05
SZ,2009-10-06
SZ,2009-10-07
SZ,2009-10-08
SZ,2010-01-01
SZ,2010-01-02
SZ,2010-01-03
SZ,2010-02-13
SZ,2010-02-14
SZ,2010-02-15
SZ,2010-02-16
SZ,2010-02-17
SZ,2010-02-18
SZ,2010-02-19
SZ,2010-04-03
SZ,2010-04-04
SZ,2010-04-05
SZ,2010-05-01
SZ,2010-05-02
SZ,2010-05-03
SZ,2010-06-14
SZ,2010-06-15
SZ,2010-06-16
SZ,2010-09-22
SZ,2010-09-23
SZ,2010-09-24
SZ,2010-10-01
SZ,2010-10-02
SZ,2010-10-03
SZ,2010-10-04
SZ,2010-10-05
SZ,2010-10-06
SZ,2010-10-07
SZ,2011-01-01
SZ,2011-01-02
SZ,2011-01-03
SZ,2011-02-02
SZ,2011-02-03
SZ,2011-02-04
SZ,2011-02-05
SZ,2011-02-06
SZ,2011-02-07
SZ,2011-02-08
SZ,2011-04-03
SZ,2011-04-04
SZ,2011-04-05
SZ,2011-04-30
SZ,2011-05-01
SZ,2011-05-02
SZ,2011-06-04
SZ,2011-06-05
SZ,2011-06-06
SZ,2011-09-10
SZ,2011-09-11
SZ,2011-09-12
SZ,2011-10-01
SZ,2011-10-02
SZ,2011-10-03
SZ,2011-10-04
SZ,2011-10-05
SZ,2011-10-06
SZ,2011-10-07
SZ,2012-01-01
SZ,2012-01-02
SZ,2012-01-03
SZ,2012-01-22
SZ,2012-01-23
SZ,2012-01-24
SZ,2012-01-25
SZ,2012-01-26
SZ,2012-01-27
SZ,2012-01-28
SZ,2012-04-02
SZ,2012-04-03
SZ,2012-04-04
SZ,2012-04-29
SZ,2012-04-30
SZ,2012-05-01
SZ,2012-06-22
SZ,2012-06-23
SZ,2012-06-24
SZ,2012-09-30
SZ,2012-10-01
SZ,2012-10-02
SZ,2012-10-03
SZ,2012-10-04
SZ,2012-10-05
SZ,2012-10-06
SZ,2012-10-07
SZ,2013-01-01
SZ,2013-01-02
SZ,2013-01-03
SZ,2013-02-09
SZ,2013-02-10
SZ,2013-02-11
SZ,2013-02-12
SZ,2013-02-13
SZ,2013-02-14
SZ,2013-02-15
SZ,2013-04-04
SZ,2013-04-05
SZ,2013-04-06
SZ,2013-04-29
SZ,2013-04-30
SZ,2013-05-01
SZ,2013-06-10
SZ,2013-06-11
SZ,2013-06-12
SZ,2013-09-19
SZ,2013-09-20
SZ,2013-09-21
SZ,2013-10-01
SZ,2013-10-02
SZ,2013-10-03
SZ,2013-10-04
SZ,2013-10-05
SZ,2013-10-06
SZ,2013-10-07
SZ,2014-01-01
SZ,2014-01-31
SZ,2014-02-01
SZ,2014-02-02
SZ,2014-02-03
SZ,2014-02-04
SZ,2014-02-05
SZ,2014-02-06
SZ,2014-04-07
SZ,2014-05-01
SZ,2014-05-02
SZ,2014-06-02
SZ,2014-09-08
SZ,2014-10-01
SZ,2014-10-02
SZ,2014-10-03
SZ,2014-10-04
SZ,2014-10-05
SZ,2014-10-06
SZ,2014-10-07
SZ,2015-01-01
SZ,2015-01-02
SZ,2015-01-03
SZ,2015-02-18
SZ,2015-02-19
SZ,2015-02-20
SZ,2015-02-21
SZ,2015-02-22
SZ,2015-02-23
SZ,2015-02-24
SZ,2015-04-04
SZ,2015-04-05
SZ,2015-04-06
SZ,2015-05-01
SZ,2015-05-02
SZ,2015-05-03
SZ,2015-06-20
SZ,2015-06-21
SZ,2015-06-22
SZ,2015-09-03
SZ,2015-09-04
SZ,2015-09-26
SZ,2015-09-27
SZ,2015-10-01
SZ,2015-10-02
SZ,2015-10-03
SZ,2015-10-04
SZ,2015-10-05
SZ,2015-10-06
SZ,2015-10-07
SZ,2016-01-01
SZ,2016-01-02
SZ,2016-01-03
SZ,2016-02-07
SZ,2016-02-08
SZ,2016-02-09
SZ,2016-02-10
SZ,2016-02-11
SZ,2016-02-12
SZ,2016-02-13
SZ,2016-04-02
SZ,2016-04-03
SZ,2016-04-04
SZ,2016-04-30
SZ,2016-05-01
SZ,2016-05-02
SZ,2016-06-09
SZ,2016-06-10
SZ,2016-06-11
SZ,2016-09-15
SZ,2016-09-16
SZ,2016-09-17
SZ,2016-10-01
SZ,2016-10-02
SZ,2016-10-03
SZ,2016-10-04
SZ,2016-10-05
SZ,2016-10-06
SZ,2016-10-07
SZ,2016-12-31
SZ,2017-01-01
SZ,2017-01-02
SZ,2017-01-27
SZ,2017-01-28
SZ,2017-01-29
SZ,2017-01-30
SZ,2017-01-31
SZ,2017-02-01
SZ,2017-02-02
SZ,2017-04-02
SZ,2017-04-03
SZ,2017-04-04
SZ,2017-05-01
SZ,2017-05-28
SZ,2017-05-29
SZ,2017-05-30
SZ,2017-10-01
SZ,2017-10-02
SZ,2017-10-03
SZ,2017-10-04
SZ,2017-10-05
SZ,2017-10-06
SZ,2017-10-07
SZ,2017-10-08
SZ,2017-12-30
SZ,2017-12-31
SZ,2018-01-01
SZ,2018-02-15
SZ,2018-02-16
SZ,2018-02-17
SZ,2018-02-18
SZ,2018-02-19
SZ,2018-02-20
SZ,2018-02-21
SZ,2018-04-05
SZ,2018-04-06
SZ,2018-04-30
SZ,2018-05-01
SZ,2018-06-18
SZ,2018-09-24
SZ,2018-10-01
SZ,2018-10-02
SZ,2018-10-03
SZ,2018-10-04
SZ,2018-10-05
SZ,2018-10-06
SZ,2018-10-07
CFFEX,2001-01-24
CFFEX,2001-01-25
CFFEX,2001-01-26
CFFEX,2001-01-27
CFFEX,2001-01-28
CFFEX,2001-01-29
CFFEX,2001-01-30
CFFEX,2001-05-01
CFFEX,2001-05-02
CFFEX,2001-05-03
CFFEX,2001-05-04
CFFEX,2001-05-05
CFFEX,2001-05-06
CFFEX,2001-05-07
CFFEX,2001-10-01
CFFEX,2001-10-02
CFFEX,2001-10-03
CFFEX,2001-10-04
CFFEX,2001-10-05
CFFEX,2001-10-06
CFFEX,2001-10-07
CFFEX,2002-01-01
CFFEX,2002-01-02
CFFEX,2002-01-03
CFFEX,2002-02-12
CFFEX,2002-02-13
CFFEX,2002-02-14
CFFEX,2002-02-15
CFFEX,2002-02-16
CFFEX,2002-02-17
CFFEX,2002-02-18
CFFEX,2002-05-01
CFFEX,2002-05-02
CFFEX,2002-05-03
CFFEX,2002-05-04
CFFEX,2002-05-05
CFFEX,2002-05-06
CFFEX,2002-05-07
CFFEX,2002-10-01
CFFEX,2002-10-02
CFFEX,2002-10-03
CFFEX,2002-10-04
CFFEX,2002-10-05
CFFEX,2002-10-06
CFFEX,2002-10-07
CFFEX,2003-01-01
CFFEX,2003-02-01
CFFEX,2003-02-03
CFFEX,2003-02-04
CFFEX,2003-02-05
CFFEX,2003-02-06
CFFEX,2003-02-07
CFFEX,2003-05-01
CFFEX,2003-05-02
CFFEX,2003-05-03
CFFEX,2003-05-04
CFFEX,2003-05-05
CFFEX,2003-05-06
CFFEX,2003-05-07
CFFEX,2003-10-01
CFFEX,2003-10-02
CFFEX,2003-10-03
CFFEX,2003-10-04
CFFEX,2003-10-05
CFFEX,2003-10-06
CFFEX,2003-10-07
CFFEX,2004-01-01
CFFEX,2004-01-22
CFFEX,2004-01-23
CFFEX,2004-01-24
CFFEX,2004-01-25
CFFEX,2004-01-26
CFFEX,2004-01-27
CFFEX,2004-01-28
CFFEX,2004-05-01
CFFEX,2004-05-02
CFFEX,2004-05-03
CFFEX,2004-05-04
CFFEX,2004-05-05
CFFEX,2004-05-06
CFFEX,2004-05-07
CFFEX,2004-10-01
CFFEX,2004-10-02
CFFEX,2004-10-03
CFFEX,2004-10-04
CFFEX,2004-10-05
CFFEX,2004-10-06
CFFEX,2004-10-07
CFFEX,2005-01-01
CFFEX,2005-01-02
CFFEX,2005-01-03
CFFEX,2005-02-09
CFFEX,2005-02-10
CFFEX,2005-02-11
CFFEX,2005-02-12
CFFEX,2005-02-13
CFFEX,2005-02-14
CFFEX,2005-02-15
CFFEX,2005-05-01
CFFEX,2005-05-02
CFFEX,2005-05-03
CFFEX,2005-05-04
CFFEX,2005-05-05
CFFEX,2005-05-06
CFFEX,2005-05-07
CFFEX,2005-10-01
CFFEX,2005-10-02
CFFEX,2005-10-03
CFFEX,2005-10-04
CFFEX,2005-10-05
CFFEX,2005-10-06
CFFEX,2005-10-07
CFFEX,2006-01-01
CFFEX,2006-01-02
CFFEX,2006-01-03
CFFEX,2006-01-26
CFFEX,2006-01-27
CFFEX,2006-01-28
CFFEX,2006-01-29
CFFEX,2006-01-30
CFFEX,2006-01-31
CFFEX,2006-02-01
CFFEX,2006-02-02
CFFEX,2006-02-03
CFFEX,2006-02-04
CFFEX,2006-02-05
CFFEX,2006-05-01
CFFEX,2006-05-02
CFFEX,2006-05-03
CFFEX,2006-05-04
CFFEX,2006-05-05
CFFEX,2006-05-06
CFFEX,2006-05-07
CFFEX,2006-10-01
CFFEX,2006-10-02
CFFEX,2006-10-03
CFFEX,2006-10-04
CFFEX,2006-10-05
CFFEX,2006-10-06
CFFEX,2006-10-07
CFFEX,2006-10-08
CFFEX,2007-01-01
CFFEX,2007-01-02
CFFEX,2007-01-03
CFFEX,2007-02-17
CFFEX,2007-02-18
CFFEX,2007-02-19
CFFEX,2007-02-20
CFFEX,2007-02-21
CFFEX,2007-02-22
CFFEX,2007-02-23
CFFEX,2007-02-24
CFFEX,2007-02-25
CFFEX,2007-05-01
CFFEX,2007-05-02
CFFEX,2007-05-03
CFFEX,2007-05-04
CFFEX,2007-05-05
CFFEX,2007-05-06
CFFEX,2007-05-07
CFFEX,2007-10-01
CFFEX,2007-10-02
CFFEX,2007-10-03
CFFEX,2007-10-04
CFFEX,2007-10-05
CFFEX,2007-10-06
CFFEX,2007-10-07
CFFEX,2007-12-30
CFFEX,2007-12-31
CFFEX,2008-01-01
CFFEX,2008-02-06
CFFEX,2008-02-07
CFFEX,2008-02-08
CFFEX,2008-02-09
CFFEX,2008-02-10
CFFEX,2008-02-11
CFFEX,2008-02-12
CFFEX,2008-04-04
CFFEX,2008-04-05
CFFEX,2008-04-06
CFFEX,2008-05-01
CFFEX,2008-05-02
CFFEX,2008-05-03
CFFEX,2008-05-04
CFFEX,2008-06-07
CFFEX,2008-06-08
CFFEX,2008-06-09
CFFEX,2008-09-13
CFFEX,2008-09-14
CFFEX,2008-09-15
CFFEX,2008-09-29
CFFEX,2008-09-30
CFFEX,2008-10-01
CFFEX,2008-10-02
CFFEX,2008-10-03
CFFEX,2008-10-04
CFFEX,2008-10-05
CFFEX,2009-01-01
CFFEX,2009-01-02
CFFEX,2009-01-03
CFFEX,2009-01-25
CFFEX,2009-01-26
CFFEX,2009-01-27
CFFEX,2009-01-28
CFFEX,2009-01-29
CFFEX,2009-01-30
CFFEX,2009-01-31
CFFEX,2009-04-04
CFFEX,2009-04-05
CFFEX,2009-04-06
CFFEX,2009-05-01
CFFEX,2009-05-02
CFFEX,2009-05-03
CFFEX,2009-05-28
CFFEX,2009-05-29
CFFEX,2009-05-30
CFFEX,2009-10-01
CFFEX,2009-10-02
CFFEX,2009-10-03
CFFEX,2009-10-04
CFFEX,2009-10-05
CFFEX,2009-10-06
CFFEX,2009-10-07
CFFEX,2009-10-08
CFFEX,2010-01-01
CFFEX,2010-01-02
CFFEX,2010-01-03
CFFEX,2010-02-13
CFFEX,2010-02-14
CFFEX,2010-02-15
CFFEX,2010-02-16
CFFEX,2010-02-17
CFFEX,2010-02-18
CFFEX,2010-02-19
CFFEX,2010-04-03
CFFEX,2010-04-04
CFFEX,2010-04-05
CFFEX,2010-05-01
CFFEX,2010-05-02
CFFEX,2010-05-03
CFFEX,2010-06-14
CFFEX,2010-06-15
CFFEX,2010-06-16
CFFEX,2010-09-22
CFFEX,2010-09-23
CFFEX,2010-09-24
CFFEX,2010-10-01
CFFEX,2010-10-02
CFFEX,2010-10-03
CFFEX,2010-10-04
CFFEX,2010-10-05
CFFEX,2010-10-06
CFFEX,2010-10-07
CFFEX,2011-01-01
CFFEX,2011-01-02
CFFEX,2011-01-03
CFFEX,2011-02-02
CFFEX,2011-02-03
CFFEX,2011-02-04
CFFEX,2011-02-05
CFFEX,2011-02-06
CFFEX,2011-02-07
CFFEX,2011-02-08
CFFEX,2011-04-03
CFFEX,2011-04-04
CFFEX,2011-04-05
CFFEX,2011-04-30
CFFEX,2011-05-01
CFFEX,2011-05-02
CFFEX,2011-06-04
CFFEX,2011-06-05
CFFEX,2011-06-06
CFFEX,2011-09-10
CFFEX,2011-09-11
CFFEX,2011-09-12
CFFEX,2011-10-01
CFFEX,2011-10-02
CFFEX,2011-10-03
CFFEX,2011-10-04
CFFEX,2011-10-05
CFFEX,2011-10-06
CFFEX,2011-10-07
CFFEX,2012-01-01
CFFEX,2012-01-02
CFFEX,2012-01-03
CFFEX,2012-01-22
CFFEX,2012-01-23
CFFEX,2012-01-24
CFFEX,2012-01-25
CFFEX,2012-01-26
CFFEX,2012-01-27
CFFEX,2012-01-28
CFFEX,2012-04-02
CFFEX,2012-04-03
CFFEX,2012-04-04
CFFEX,2012-04-29
CFFEX,2012-04-30
CFFEX,2012-05-01
CFFEX,2012-06-22
CFFEX,2012-06-23
CFFEX,2012-06-24
CFFEX,2012-09-30
CFFEX,2012-10-01
CFFEX,2012-10-02
CFFEX,2012-10-03
CFFEX,2012-10-04
CFFEX,2012-10-05
CFFEX,2012-10-06
CFFEX,2012-10-07
CFFEX,2013-01-01
CFFEX,2013-01-02
CFFEX,2013-01-03
CFFEX,2013-02-09
CFFEX,2013-02-10
CFFEX,2013-02-11
CFFEX,2013-02-12
CFFEX,2013-02-13
CFFEX,2013-02-14
CFFEX,2013-02-15
CFFEX,2013-04-04
CFFEX,2013-04-05
CFFEX,2013-04-06
CFFEX,2013-04-29
CFFEX,2013-04-30
CFFEX,2013-05-01
CFFEX,2013-06-10
CFFEX,2013-06-11
CFFEX,2013-06-12
CFFEX,2013-09-19
CFFEX,2013-09-20
CFFEX,2013-09-21
CFFEX,2013-10-01
CFFEX,2013-10-02
CFFEX,2013-10-03
CFFEX,2013-10-04
CFFEX,2013-10-05
CFFEX,2013-10-06
CFFEX,2013-10-07
CFFEX,2014-01-01
CFFEX,2014-01-31
CFFEX,2014-02-01
CFFEX,2014-02-02
CFFEX,2014-02-03
CFFEX,2014-02-04
CFFEX,2014-02-05
CFFEX,2014-02-06
CFFEX,2014-04-07
CFFEX,2014-05-01
CFFEX,2014-05-02
CFFEX,2014-06-02
CFFEX,2014-09-08
CFFEX,2014-10-01
CFFEX,2014-10-02
CFFEX,2014-10-03
CFFEX,2014-10-04
CFFEX,2014-10-05
CFFEX,2014-10-06
CFFEX,2014-10-07
CFFEX,2015-01-01
CFFEX,2015-01-02
CFFEX,2015-01-03
CFFEX,2015-02-18
CFFEX,2015-02-19
CFFEX,2015-02-20
CFFEX,2015-02-21
CFFEX,2015-02-22
CFFEX,2015-02-23
CFFEX,2015-02-24
CFFEX,2015-04-04
CFFEX,2015-04-05
CFFEX,2015-04-06
CFFEX,2015-05-01
CFFEX,2015-05-02
CFFEX,2015-05-03
CFFEX,2015-06-20
CFFEX,2015-06-21
CFFEX,2015-06-22
CFFEX,2015-09-03
CFFEX,2015-09-04
CFFEX,2015-09-26
CFFEX,2015-09-27
CFFEX,2015-10-01
CFFEX,2015-10-02
CFFEX,2015-10-03
CFFEX,2015-10-04
CFFEX,2015-10-05
CFFEX,2015-10-06
CFFEX,2015-10-07
CFFEX,2016-01-01
CFFEX,2016-01-02
CFFEX,2016-01-03
CFFEX,2016-02-07
CFFEX,2016-02-08
CFFEX,2016-02-09
CFFEX,2016-02-10
CFFEX,2016-02-11
CFFEX,2016-02-12
CFFEX,2016-02-13
CFFEX,2016-04-02
CFFEX,2016-04-03
CFFEX,2016-04-04
CFFEX,2016-04-30
CFFEX,2016-05-01
CFFEX,2016-05-02
CFFEX,2016-06-09
CFFEX,2016-06-10
CFFEX,2016-06-11
CFFEX,2016-09-15
CFFEX,2016-09-16
CFFEX,2016-09-17
CFFEX,2016-10-01
CFFEX,2016-10-02
CFFEX,2016-10-03
CFFEX,2016-10-04
CFFEX,2016-10-05
CFFEX,2016-10-06
CFFEX,2016-10-07
CFFEX,2016-12-31
CFFEX,2017-01-01
CFFEX,2017-01-02
CFFEX,2017-01-27
CFFEX,2017-01-28
CFFEX,2017-01-29
CFFEX,2017-01-30
CFFEX,2017-01-31
CFFEX,2017-02-01
CFFEX,2017-02-02
CFFEX,2017-04-02
CFFEX,2017-04-03
CFFEX,2017-04-04
CFFEX,2017-05-01
CFFEX,2017-05-28
CFFEX,2017-05-29
CFFEX,2017-05-30
CFFEX,2017-10-01
CFFEX,2017-10-02
CFFEX,2017-10-03
CFFEX,2017-10-04
CFFEX,2017-10-05
CFFEX,2017-10-06
CFFEX,2017-10-07
CFFEX,2017-10-08
CFFEX,2017-12-30
CFFEX,2017-12-31
CFFEX,2018-01-01
CFFEX,2018-02-15
CFFEX,2018-02-16
CFFEX,2018-02-17
CFFEX,2018-02-18
CFFEX,2018-02-19
CFFEX,2018-02-20
CFFEX,2018-02-21
CFFEX,2018-04-05
CFFEX,2018-04-06
CFFEX,2018-04-30
CFFEX,2018-05-01
CFFEX,2018-06-18
CFFEX,2018-09-24
CFFEX,2018-10-01
CFFEX,2018-10-02
CFFEX,2018-10-03
CFFEX,2018-10-04
CFFEX,2018-10-05
CFFEX,2018-10-06
CFFEX,2018-10-07
DCE,2001-01-24
DCE,2001-01-25
DCE,2001-01-26
DCE,2001-01-27
DCE,2001-01-28
DCE,2001-01-29
DCE,2001-01-30
DCE,2001-05-01
DCE,2001-05-02
DCE,2001-05-03
DCE,2001-05-04
DCE,2001-05-05
DCE,2001-05-06
DCE,2001-05-07
DCE,2001-10-01
DCE,2001-10-02
DCE,2001-10-03
DCE,2001-10-04
DCE,2001-10-05
DCE,2001-10-06
DCE,2001-10-07
DCE,2002-01-01
DCE,2002-01-02
DCE,2002-01-03
DCE,2002-02-12
DCE,2002-02-13
DCE,2002-02-14
DCE,2002-02-15
DCE,2002-02-16
DCE,2002-02-17
DCE,2002-02-18
DCE,2002-05-01
DCE,2002-05-02
DCE,2002-05-03
DCE,2002-05-04
DCE,2002-05-05
DCE,2002-05-06
DCE,2002-05-07
DCE,2002-10-01
DCE,2002-10-02
DCE,2002-10-03
DCE,2002-10-04
DCE,2002-10-05
DCE,2002-10-06
DCE,2002-10-07
DCE,2003-01-01
DCE,2003-02-01
DCE,2003-02-03
DCE,2003-02-04
DCE,2003-02-05
DCE,2003-02-06
DCE,2003-02-07
DCE,2003-05-01
DCE,2003-05-02
DCE,2003-05-03
DCE,2003-05-04
DCE,2003-05-05
DCE,2003-05-06
DCE,2003-05-07
DCE,2003-10-01
DCE,2003-10-02
DCE,2003-10-03
DCE,2003-10-04
DCE,2003-10-05
DCE,2003-10-06
DCE,2003-10-07
DCE,2004-01-01
DCE,2004-01-22
DCE,2004-01-23
DCE,2004-01-24
DCE,2004-01-25
DCE,2004-01-26
DCE,2004-01-27
DCE,2004-01-28
DCE,2004-05-01
DCE,2004-05-02
DCE,2004-05-03
DCE,2004-05-04
DCE,2004-05-05
DCE,2004-05-06
DCE,2004-05-07
DCE,2004-10-01
DCE,2004-10-02
DCE,2004-10-03
DCE,2004-10-04
DCE,2004-10-05
DCE,2004-10-06
DCE,2004-10-07
DCE,2005-01-01
DCE,2005-01-02
DCE,2005-01-03
DCE,2005-02-09
DCE,2005-02-10
DCE,2005-02-11
DCE,2005-02-12
DCE,2005-02-13
DCE,2005-02-14
DCE,2005-02-15
DCE,2005-05-01
DCE,2005-05-02
DCE,2005-05-03
DCE,2005-05-04
DCE,2005-05-05
DCE,2005-05-06
DCE,2005-05-07
DCE,2005-10-01
DCE,2005-10-02
DCE,2005-10-03
DCE,2005-10-04
DCE,2005-10-05
DCE,2005-10-06
DCE,2005-10-07
DCE,2006-01-01
DCE,2006-01-02
DCE,2006-01-03
DCE,2006-01-26
DCE,2006-01-27
DCE,2006-01-28
DCE,2006-01-29
DCE,2006-01-30
DCE,2006-01-31
DCE,2006-02-01
DCE,2006-02-02
DCE,2006-02-03
DCE,2006-02-04
DCE,2006-02-05
DCE,2006-05-01
DCE,2006-05-02
DCE,2006-05-03
DCE,2006-05-04
DCE,2006-05-05
DCE,2006-05-06
DCE,2006-05-07
DCE,2006-10-01
DCE,2006-10-02
DCE,2006-10-03
DCE,2006-10-04
DCE,2006-10-05
DCE,2006-10-06
DCE,2006-10-07
DCE,2006-10-08
DCE,2007-01-01
DCE,2007-01-02
DCE,2007-01-03
DCE,2007-02-17
DCE,2007-02-18
DCE,2007-02-19
DCE,2007-02-20
DCE,2007-02-21
DCE,2007-02-22
DCE,2007-02-23
DCE,2007-02-24
DCE,2007-02-25
DCE,2007-05-01
DCE,2007-05-02
DCE,2007-05-03
DCE,2007-05-04
DCE,2007-05-05
DCE,2007-05-06
DCE,2007-05-07
DCE,2007-10-01
DCE,2007-10-02
DCE,2007-10-03
DCE,2007-10-04
DCE,2007-10-05
DCE,2007-10-06
DCE,2007-10-07
DCE,2007-12-30
DCE,2007-12-31
DCE,2008-01-01
DCE,2008-02-06
DCE,2008-02-07
DCE,2008-02-08
DCE,2008-02-09
DCE,2008-02-10
DCE,2008-02-11
DCE,2008-02-12
DCE,2008-04-04
DCE,2008-04-05
DCE,2008-04-06
DCE,2008-05-01
DCE,2008-05-02
DCE,2008-05-03
DCE,2008-05-04
DCE,2008-06-07
DCE,2008-06-08
DCE,2008-06-09
DCE,2008-09-13
DCE,2008-09-14
DCE,2008-09-15
DCE,2008-09-29
DCE,2008-09-30
DCE,2008-10-01
DCE,2008-10-02
DCE,2008-10-03
DCE,2008-10-04
DCE,2008-10-05
DCE,2009-01-01
DCE,2009-01-02
DCE,2009-01-03
DCE,2009-01-25
DCE,2009-01-26
DCE,2009-01-27
DCE,2009-01-28
DCE,2009-01-29
DCE,2009-01-30
DCE,2009-01-31
DCE,2009-04-04
DCE,2009-04-05
DCE,2009-04-06
DCE,2009-05-01
DCE,2009-05-02
DCE,2009-05-03
DCE,2009-05-28
DCE,2009-05-29
DCE,2009-05-30
DCE,2009-10-01
DCE,2009-10-02
DCE,2009-10-03
DCE,2009-10-04
DCE,2009-10-05
DCE,2009-10-06
DCE,2009-10-07
DCE,2009-10-08
DCE,2010-01-01
DCE,2010-01-02
DCE,2010-01-03
DCE,2010-02-13
DCE,2010-02-14
DCE,2010-02-15
DCE,2010-02-16
DCE,2010-02-17
DCE,2010-02-18
DCE,2010-02-19
DCE,2010-04-03
DCE,2010-04-04
DCE,2010-04-05
DCE,2010-05-01
DCE,2010-05-02
DCE,2010-05-03
DCE,2010-06-14
DCE,2010-06-15
DCE,2010-06-16
DCE,2010-09-22
DCE,2010-09-23
DCE,2010-09-24
DCE,2010-10-01
DCE,2010-10-02
DCE,2010-10-03
DCE,2010-10-04
DCE,2010-10-05
DCE,2010-10-06
DCE,2010-10-07
DCE,2011-01-01
DCE,2011-01-02
DCE,2011-01-03
DCE,2011-02-02
DCE,2011-02-03
DCE,2011-02-04
DCE,2011-02-05
DCE,2011-02-06
DCE,2011-02-07
DCE,2011-02-08
DCE,2011-04-03
DCE,2011-04-04
DCE,2011-04-05
DCE,2011-04-30
DCE,2011-05-01
DCE,2011-05-02
DCE,2011-06-04
DCE,2011-06-05
DCE,2011-06-06
DCE,2011-09-10
DCE,2011-09-11
DCE,2011-09-12
DCE,2011-10-01
DCE,2011-10-02
DCE,2011-10-03
DCE,2011-10-04
DCE,2011-10-05
DCE,2011-10-06
DCE,2011-10-07
DCE,2012-01-01
DCE,2012-01-02
DCE,2012-01-03
DCE,2012-01-22
DCE,2012-01-23
DCE,2012-01-24
DCE,2012-01-25
DCE,2012-01-26
DCE,2012-01-27
DCE,2012-01-28
DCE,2012-04-02
DCE,2012-04-03
DCE,2012-04-04
DCE,2012-04-29
DCE,2012-04-30
DCE,2012-05-01
DCE,2012-06-22
DCE,2012-06-23
DCE,2012-06-24
DCE,2012-09-30
DCE,2012-10-01
DCE,2012-10-02
DCE,2012-10-03
DCE,2012-10-04
DCE,2012-10-05
DCE,2012-10-06
DCE,2012-10-07
DCE,2013-01-01
DCE,2013-01-02
DCE,2013-01-03
DCE,2013-02-09
DCE,2013-02-10
DCE,2013-02-11
DCE,2013-02-12
DCE,2013-02-13
DCE,2013-02-14
DCE,2013-02-15
DCE,2013-04-04
DCE,2013-04-05
DCE,2013-04-06
DCE,2013-04-29
DCE,2013-04-30
DCE,2013-05-01
DCE,2013-06-10
DCE,2013-06-11
DCE,2013-06-12
DCE,2013-09-19
DCE,2013-09-20
DCE,2013-09-21
DCE,2013-10-01
DCE,2013-10-02
DCE,2013-10-03
DCE,2013-10-04
DCE,2013-10-05
DCE,2013-10-06
DCE,2013-10-07
DCE,2014-01-01
DCE,2014-01-31
DCE,2014-02-01
DCE,2014-02-02
DCE,2014-02-03
DCE,2014-02-04
DCE,2014-02-05
DCE,2014-02-06
DCE,2014-04-07
DCE,2014-05-01
DCE,2014-05-02
DCE,2014-06-02
DCE,2014-09-08
DCE,2014-10-01
DCE,2014-10-02
DCE,2014-10-03
DCE,2014-10-04
DCE,2014-10-05
DCE,2014-10-06
DCE,2014-10-07
DCE,2015-01-01
DCE,2015-01-02
DCE,2015-01-03
DCE,2015-02-18
DCE,2015-02-19
DCE,2015-02-20
DCE,2015-02-21
DCE,2015-02-22
DCE,2015-02-23
DCE,2015-02-24
DCE,2015-04-04
DCE,2015-04-05
DCE,2015-04-06
DCE,2015-05-01
DCE,2015-05-02
DCE,2015-05-03
DCE,2015-06-20
DCE,2015-06-21
DCE,2015-06-22
DCE,2015-09-03
DCE,2015-09-04
DCE,2015-09-26
DCE,2015-09-27
DCE,2015-10-01
DCE,2015-10-02
DCE,2015-10-03
DCE,2015-10-04
DCE,2015-10-05
DCE,2015-10-06
DCE,2015-10-07
DCE,2016-01-01
DCE,2016-01-02
DCE,2016-01-03
DCE,2016-02-07
DCE,2016-02-08
DCE,2016-02-09
DCE,2016-02-10
DCE,2016-02-11
DCE,2016-02-12
DCE,2016-02-13
DCE,2016-04-02
DCE,2016-04-03
DCE,2016-04-04
DCE,2016-04-30
DCE,2016-05-01
DCE,2016-05-02
DCE,2016-06-09
DCE,2016-06-10
DCE,2016-06-11
DCE,2016-09-15
DCE,2016-09-16
DCE,2016-09-17
DCE,2016-10-01
DCE,2016-10-02
DCE,2016-10-03
DCE,2016-10-04
DCE,2016-10-05
DCE,2016-10-06
DCE,2016-10-07
DCE,2016-12-31
DCE,2017-01-01
DCE,2017-01-02
DCE,2017-01-27
DCE,2017-01-28
DCE,2017-01-29
DCE,2017-01-30
DCE,2017-01-31
DCE,2017-02-01
DCE,2017-02-02
DCE,2017-04-02
DCE,2017-04-03
DCE,2017-04-04
DCE,2017-05-01
DCE,2017-05-28
DCE,2017-05-29
DCE,2017-05-30
DCE,2017-10-01
DCE,2017-10-02
DCE,2017-10-03
DCE,2017-10-04
DCE,2017-10-05
DCE,2017-10-06
DCE,2017-10-07
DCE,2017-10-08
DCE,2017-12-30
DCE,2017-12-31
DCE,2018-01-01
DCE,2018-02-15
DCE,2018-02-16
DCE,2018-02-17
DCE,2018-02-18
DCE,2018-02-19
DCE,2018-02-20
DCE,2018-02-21
DCE,2018-04-05
DCE,2018-04-06
DCE,2018-04-30
DCE,2018-05-01
DCE,2018-06-18
DCE,2018-09-24
DCE,2018-10-01
DCE,2018-10-02
DCE,2018-10-03
DCE,2018-10-04
DCE,2018-10-05
DCE,2018-10-06
DCE,2018-10-07
SHFE,2001-01-24
SHFE,2001-01-25
SHFE,2001-01-26
SHFE,2001-01-27
SHFE,2001-01-28
SHFE,2001-01-29
SHFE,2001-01-30
SHFE,2001-05-01
SHFE,2001-05-02
SHFE,2001-05-03
SHFE,2001-05-04
SHFE,2001-05-05
SHFE,2001-05-06
SHFE,2001-05-07
SHFE,2001-10-01
SHFE,2001-10-02
SHFE,2001-10-03
SHFE,2001-10-04
SHFE,2001-10-05
SHFE,2001-10-06
SHFE,2001-10-07
SHFE,2002-01-01
SHFE,2002-01-02
SHFE,2002-01-03
SHFE,2002-02-12
SHFE,2002-02-13
SHFE,2002-02-14
SHFE,2002-02-15
SHFE,2002-02-16
SHFE,2002-02-17
SHFE,2002-02-18
SHFE,2002-05-01
SHFE,2002-05-02
SHFE,2002-05-03
SHFE,2002-05-04
SHFE,2002-05-05
SHFE,2002-05-06
SHFE,2002-05-07
SHFE,2002-10-01
SHFE,2002-10-02
SHFE,2002-10-03
SHFE,2002-10-04
SHFE,2002-10-05
SHFE,2002-10-06
SHFE,2002-10-07
SHFE,2003-01-01
SHFE,2003-02-01
SHFE,2003-02-03
SHFE,2003-02-04
SHFE,2003-02-05
SHFE,2003-02-06
SHFE,2003-02-07
SHFE,2003-05-01
SHFE,2003-05-02
SHFE,2003-05-03
SHFE,2003-05-04
SHFE,2003-05-05
SHFE,2003-05-06
SHFE,2003-05-07
SHFE,2003-10-01
SHFE,2003-10-02
SHFE,2003-10-03
SHFE,2003-10-04
SHFE,2003-10-05
SHFE,2003-10-06
SHFE,2003-10-07
SHFE,2004-01-01
SHFE,2004-01-22
SHFE,2004-01-23
SHFE,2004-01-24
SHFE,2004-01-25
SHFE,2004-01-26
SHFE,2004-01-27
SHFE,2004-01-28
SHFE,2004-05-01
SHFE,2004-05-02
SHFE,2004-05-03
SHFE,2004-05-04
SHFE,2004-05-05
SHFE,2004-05-06
SHFE,2004-05-07
SHFE,2004-10-01
SHFE,2004-10-02
SHFE,2004-10-03
SHFE,2004-10-04
SHFE,2004-10-05
SHFE,2004-10-06
SHFE,2004-10-07
SHFE,2005-01-01
SHFE,2005-01-02
SHFE,2005-01-03
SHFE,2005-02-09
SHFE,2005-02-10
SHFE,2005-02-11
SHFE,2005-02-12
SHFE,2005-02-13
SHFE,2005-02-14
SHFE,2005-02-15
SHFE,2005-05-01
SHFE,2005-05-02
SHFE,2005-05-03
SHFE,2005-05-04
SHFE,2005-05-05
SHFE,2005-05-06
SHFE,2005-05-07
SHFE,2005-10-01
SHFE,2005-10-02
SHFE,2005-10-03
SHFE,2005-10-04
SHFE,2005-10-05
SHFE,2005-10-06
SHFE,2005-10-07
SHFE,2006-01-01
SHFE,2006-01-02
SHFE,2006-01-03
SHFE,2006-01-26
SHFE,2006-01-27
SHFE,2006-01-28
SHFE,2006-01-29
SHFE,2006-01-30
SHFE,2006-01-31
SHFE,2006-02-01
SHFE,2006-02-02
SHFE,2006-02-03
SHFE,2006-02-04
SHFE,2006-02-05
SHFE,2006-05-01
SHFE,2006-05-02
SHFE,2006-05-03
SHFE,2006-05-04
SHFE,2006-05-05
SHFE,2006-05-06
SHFE,2006-05-07
SHFE,2006-10-01
SHFE,2006-10-02
SHFE,2006-10-03
SHFE,2006-10-04
SHFE,2006-10-05
SHFE,2006-10-06
SHFE,2006-10-07
SHFE,2006-10-08
SHFE,2007-01-01
SHFE,2007-01-02
SHFE,2007-01-03
SHFE,2007-02-17
SHFE,2007-02-18
SHFE,2007-02-19
SHFE,2007-02-20
SHFE,2007-02-21
SHFE,2007-02-22
SHFE,2007-02-23
SHFE,2007-02-24
SHFE,2007-02-25
SHFE,2007-05-01
SHFE,2007-05-02
SHFE,2007-05-03
SHFE,2007-05-04
SHFE,2007-05-05
SHFE,2007-05-06
SHFE,2007-05-07
SHFE,2007-10-01
SHFE,2007-10-02
SHFE,2007-10-03
SHFE,2007-10-04
SHFE,2007-10-05
SHFE,2007-10-06
SHFE,2007-10-07
SHFE,2007-12-30
SHFE,2007-12-31
SHFE,2008-01-01
SHFE,2008-02-06
SHFE,2008-02-07
SHFE,2008-02-08
SHFE,2008-02-09
SHFE,2008-02-10
SHFE,2008-02-11
SHFE,2008-02-12
SHFE,2008-04-04
SHFE,2008-04-05
SHFE,2008-04-06
SHFE,2008-05-01
SHFE,2008-05-02
SHFE,2008-05-03
SHFE,2008-05-04
SHFE,2008-06-07
SHFE,2008-06-08
SHFE,2008-06-09
SHFE,2008-09-13
SHFE,2008-09-14
SHFE,2008-09-15
SHFE,2008-09-29
SHFE,2008-09-30
SHFE,2008-10-01
SHFE,2008-10-02
SHFE,2008-10-03
SHFE,2008-10-04
SHFE,2008-10-05
SHFE,2009-01-01
SHFE,2009-01-02
SHFE,2009-01-03
SHFE,2009-01-25
SHFE,2009-01-26
SHFE,2009-01-27
SHFE,2009-01-28
SHFE,2009-01-29
SHFE,2009-01-30
SHFE,2009-01-31
SHFE,2009-04-04
SHFE,2009-04-05
SHFE,2009-04-06
SHFE,2009-05-01
SHFE,2009-05-02
SHFE,2009-05-03
SHFE,2009-05-28
SHFE,2009-05-29
SHFE,2009-05-30
SHFE,2009-10-01
SHFE,2009-10-02
SHFE,2009-10-03
SHFE,2009-10-04
SHFE,2009-10-05
SHFE,2009-10-06
SHFE,2009-10-07
SHFE,2009-10-08
SHFE,2010-01-01
SHFE,2010-01-02
SHFE,2010-01-03
SHFE,2010-02-13
SHFE,2010-02-14
SHFE,2010-02-15
SHFE,2010-02-16
SHFE,2010-02-17
SHFE,2010-02-18
SHFE,2010-02-19
SHFE,2010-04-03
SHFE,2010-04-04
SHFE,2010-04-05
SHFE,2010-05-01
SHFE,2010-05-02
SHFE,2010-05-03
SHFE,2010-06-14
SHFE,2010-06-15
SHFE,2010-06-16
SHFE,2010-09-22
SHFE,2010-09-23
SHFE,2010-09-24
SHFE,2010-10-01
SHFE,2010-10-02
SHFE,2010-10-03
SHFE,2010-10-04
SHFE,2010-10-05
SHFE,2010-10-06
SHFE,2010-10-07
SHFE,2011-01-01
SHFE,2011-01-02
SHFE,2011-01-03
SHFE,2011-02-02
SHFE,2011-02-03
SHFE,2011-02-04
SHFE,2011-02-05
SHFE,2011-02-06
SHFE,2011-02-07
SHFE,2011-02-08
SHFE,2011-04-03
SHFE,2011-04-04
SHFE,2011-04-05
SHFE,2011-04-30
SHFE,2011-05-01
SHFE,2011-05-02
SHFE,2011-06-04
SHFE,2011-06-05
SHFE,2011-06-06
SHFE,2011-09-10
SHFE,2011-09-11
SHFE,2011-09-12
SHFE,2011-10-01
SHFE,2011-10-02
SHFE,2011-10-03
SHFE,2011-10-04
SHFE,2011-10-05
SHFE,2011-10-06
SHFE,2011-10-07
SHFE,2012-01-01
SHFE,2012-01-02
SHFE,2012-01-03
SHFE,2012-01-22
SHFE,2012-01-23
SHFE,2012-01-24
SHFE,2012-01-25
SHFE,2012-01-26
SHFE,2012-01-27
SHFE,2012-01-28
SHFE,2012-04-02
SHFE,2012-04-03
SHFE,2012-04-04
SHFE,2012-04-29
SHFE,2012-04-30
SHFE,2012-05-01
SHFE,2012-06-22
SHFE,2012-06-23
SHFE,2012-06-24
SHFE,2012-09-30
SHFE,2012-10-01
SHFE,2012-10-02
SHFE,2012-10-03
SHFE,2012-10-04
SHFE,2012-10-05
SHFE,2012-10-06
SHFE,2012-10-07
SHFE,2013-01-01
SHFE,2013-01-02
SHFE,2013-01-03
SHFE,2013-02-09
SHFE,2013-02-10
SHFE,2013-02-11
SHFE,2013-02-12
SHFE,2013-02-13
SHFE,2013-02-14
SHFE,2013-02-15
SHFE,2013-04-04
SHFE,2013-04-05
SHFE,2013-04-06
SHFE,2013-04-29
SHFE,2013-04-30
SHFE,2013-05-01
SHFE,2013-06-10
SHFE,2013-06-11
SHFE,2013-06-12
SHFE,2013-09-19
SHFE,2013-09-20
SHFE,2013-09-21
SHFE,2013-10-01
SHFE,2013-10-02
SHFE,2013-10-03
SHFE,2013-10-04
SHFE,2013-10-05
SHFE,2013-10-06
SHFE,2013-10-07
SHFE,2014-01-01
SHFE,2014-01-31
SHFE,2014-02-01
SHFE,2014-02-02
SHFE,2014-02-03
SHFE,2014-02-04
SHFE,2014-02-05
SHFE,2014-02-06
SHFE,2014-04-07
SHFE,2014-05-01
SHFE,2014-05-02
SHFE,2014-06-02
SHFE,2014-09-08
SHFE,2014-10-01
SHFE,2014-10-02
SHFE,2014-10-03
SHFE,2014-10-04
SHFE,2014-10-05
SHFE,2014-10-06
SHFE,2014-10-07
SHFE,2015-01-01
SHFE,2015-01-02
SHFE,2015-01-03
SHFE,2015-02-18
SHFE,2015-02-19
SHFE,2015-02-20
SHFE,2015-02-21
SHFE,2015-02-22
SHFE,2015-02-23
SHFE,2015-02-24
SHFE,2015-04-04
SHFE,2015-04-05
SHFE,2015-04-06
SHFE,2015-05-01
SHFE,2015-05-02
SHFE,2015-05-03
SHFE,2015-06-20
SHFE,2015-06-21
SHFE,2015-06-22
SHFE,2015-09-03
SHFE,2015-09-04
SHFE,2015-09-26
SHFE,2015-09-27
SHFE,2015-10-01
SHFE,2015-10-02
SHFE,2015-10-03
SHFE,2015-10-04
SHFE,2015-10-05
SHFE,2015-10-06
SHFE,2015-10-07
SHFE,2016-01-01
SHFE,2016-01-02
SHFE,2016-01-03
SHFE,2016-02-07
SHFE,2016-02-08
SHFE,2016-02-09
SHFE,2016-02-10
SHFE,2016-02-11
SHFE,2016-02-12
SHFE,2016-02-13
SHFE,2016-04-02
SHFE,2016-04-03
SHFE,2016-04-04
SHFE,2016-04-30
SHFE,2016-05-01
SHFE,2016-05-02
SHFE,2016-06-09
SHFE,2016-06-10
SHFE,2016-06-11
SHFE,2016-09-15
SHFE,2016-09-16
SHFE,2016-09-17
SHFE,2016-10-01
SHFE,2016-10-02
SHFE,2016-10-03
SHFE,2016-10-04
SHFE,2016-10-05
SHFE,2016-10-06
SHFE,2016-10-07
SHFE,2016-12-31
SHFE,2017-01-01
SHFE,2017-01-02
SHFE,2017-01-27
SHFE,2017-01-28
SHFE,2017-01-29
SHFE,2017-01-30
SHFE,2017-01-31
SHFE,2017-02-01
SHFE,2017-02-02
SHFE,2017-04-02
SHFE,2017-04-03
SHFE,2017-04-04
SHFE,2017-05-01
SHFE,2017-05-28
SHFE,2017-05-29
SHFE,2017-05-30
SHFE,2017-10-01
SHFE,2017-10-02
SHFE,2017-10-03
SHFE,2017-10-04
SHFE,2017-10-05
SHFE,2017-10-06
SHFE,2017-10-07
SHFE,2017-10-08
SHFE,2017-12-30
SHFE,2017-12-31
SHFE,2018-01-01
SHFE,2018-02-15
SHFE,2018-02-16
SHFE,2018-02-17
SHFE,2018-02-18
SHFE,2018-02-19
SHFE,2018-02-20
SHFE,2018-02-21
SHFE,2018-04-05
SHFE,2018-04-06
SHFE,2018-04-30
SHFE,2018-05-01
SHFE,2018-06-18
SHFE,2018-09-24
SHFE,2018-10-01
SHFE,2018-10-02
SHFE,2018-10-03
SHFE,2018-10-04
SHFE,2018-10-05
SHFE,2018-10-06
SHFE,2018-10-07
CZCE,2001-01-24
CZCE,2001-01-25
CZCE,2001-01-26
CZCE,2001-01-27
CZCE,2001-01-28
CZCE,2001-01-29
CZCE,2001-01-30
CZCE,2001-05-01
CZCE,2001-05-02
CZCE,2001-05-03
CZCE,2001-05-04
CZCE,2001-05-05
CZCE,2001-05-06
CZCE,2001-05-07
CZCE,2001-10-01
CZCE,2001-10-02
CZCE,2001-10-03
CZCE,2001-10-04
CZCE,2001-10-05
CZCE,2001-10-06
CZCE,2001-10-07
CZCE,2002-01-01
CZCE,2002-01-02
CZCE,2002-01-03
CZCE,2002-02-12
CZCE,2002-02-13
CZCE,2002-02-14
CZCE,2002-02-15
CZCE,2002-02-16
CZCE,2002-02-17
CZCE,2002-02-18
CZCE,2002-05-01
CZCE,2002-05-02
CZCE,2002-05-03
CZCE,2002-05-04
CZCE,2002-05-05
CZCE,2002-05-06
CZCE,2002-05-07
CZCE,2002-10-01
CZCE,2002-10-02
CZCE,2002-10-03
CZCE,2002-10-04
CZCE,2002-10-05
CZCE,2002-10-06
CZCE,2002-10-07
CZCE,2003-01-01
CZCE,2003-02-01
CZCE,2003-02-03
CZCE,2003-02-04
CZCE,2003-02-05
CZCE,2003-02-06
CZCE,2003-02-07
CZCE,2003-05-01
CZCE,2003-05-02
CZCE,2003-05-03
CZCE,2003-05-04
CZCE,2003-05-05
CZCE,2003-05-06
CZCE,2003-05-07
CZCE,2003-10-01
CZCE,2003-10-02
CZCE,2003-10-03
CZCE,2003-10-04
CZCE,2003-10-05
CZCE,2003-10-06
CZCE,2003-10-07
CZCE,2004-01-01
CZCE,2004-01-22
CZCE,2004-01-23
CZCE,2004-01-24
CZCE,2004-01-25
CZCE,2004-01-26
CZCE,2004-01-27
CZCE,2004-01-28
CZCE,2004-05-01
CZCE,2004-05-02
CZCE,2004-05-03
CZCE,2004-05-04
CZCE,2004-05-05
CZCE,2004-05-06
CZCE,2004-05-07
CZCE,2004-10-01
CZCE,2004-10-02
CZCE,2004-10-03
CZCE,2004-10-04
CZCE,2004-10-05
CZCE,2004-10-06
CZCE,2004-10-07
CZCE,2005-01-01
CZCE,2005-01-02
CZCE,2005-01-03
CZCE,2005-02-09
CZCE,2005-02-10
CZCE,2005-02-11
CZCE,2005-02-12
CZCE,2005-02-13
CZCE,2005-02-14
CZCE,2005-02-15
CZCE,2005-05-01
CZCE,2005-05-02
CZCE,2005-05-03
CZCE,2005-05-04
CZCE,2005-05-05
CZCE,2005-05-06
CZCE,2005-05-07
CZCE,2005-10-01
CZCE,2005-10-02
CZCE,2005-10-03
CZCE,2005-10-04
CZCE,2005-10-05
CZCE,2005-10-06
CZCE,2005-10-07
CZCE,2006-01-01
CZCE,2006-01-02
CZCE,2006-01-03
CZCE,2006-01-26
CZCE,2006-01-27
CZCE,2006-01-28
CZCE,2006-01-29
CZCE,2006-01-30
CZCE,2006-01-31
CZCE,2006-02-01
CZCE,2006-02-02
CZCE,2006-02-03
CZCE,2006-02-04
CZCE,2006-02-05
CZCE,2006-05-01
CZCE,2006-05-02
CZCE,2006-05-03
CZCE,2006-05-04
CZCE,2006-05-05
CZCE,2006-05-06
CZCE,2006-05-07
CZCE,2006-10-01
CZCE,2006-10-02
CZCE,2006-10-03
CZCE,2006-10-04
CZCE,2006-10-05
CZCE,2006-10-06
CZCE,2006-10-07
CZCE,2006-10-08
CZCE,2007-01-01
CZCE,2007-01-02
CZCE,2007-01-03
CZCE,2007-02-17
CZCE,2007-02-18
CZCE,2007-02-19
CZCE,2007-02-20
CZCE,2007-02-21
CZCE,2007-02-22
CZCE,2007-02-23
CZCE,2007-02-24
CZCE,2007-02-25
CZCE,2007-05-01
CZCE,2007-05-02
CZCE,2007-05-03
CZCE,2007-05-04
CZCE,2007-05-05
CZCE,2007-05-06
CZCE,2007-05-07
CZCE,2007-10-01
CZCE,2007-10-02
CZCE,2007-10-03
CZCE,2007-10-04
CZCE,2007-10-05
CZCE,2007-10-06
CZCE,2007-10-07
CZCE,2007-12-30
CZCE,2007-12-31
CZCE,2008-01-01
CZCE,2008-02-06
CZCE,2008-02-07
CZCE,2008-02-08
CZCE,2008-02-09
CZCE,2008-02-10
CZCE,2008-02-11
CZCE,2008-02-12
CZCE,2008-04-04
CZCE,2008-04-05
CZCE,2008-04-06
CZCE,2008-05-01
CZCE,2008-05-02
CZCE,2008-05-03
CZCE,2008-05-04
CZCE,2008-06-07
CZCE,2008-06-08
CZCE,2008-06-09
CZCE,2008-09-13
CZCE,2008-09-14
CZCE,2008-09-15
CZCE,2008-09-29
CZCE,2008-09-30
CZCE,2008-10-01
CZCE,2008-10-02
CZCE,2008-10-03
CZCE,2008-10-04
CZCE,2008-10-05
CZCE,2009-01-01
CZCE,2009-01-02
CZCE,2009-01-03
CZCE,2009-01-25
CZCE,2009-01-26
CZCE,2009-01-27
CZCE,2009-01-28
CZCE,2009-01-29
CZCE,2009-01-30
CZCE,2009-01-31
CZCE,2009-04-04
CZCE,2009-04-05
CZCE,2009-04-06
CZCE,2009-05-01
CZCE,2009-05-02
CZCE,2009-05-03
CZCE,2009-05-28
CZCE,2009-05-29
CZCE,2009-05-30
CZCE,2009-10-01
CZCE,2009-10-02
CZCE,2009-10-03
CZCE,2009-10-04
CZCE,2009-10-05
CZCE,2009-10-06
CZCE,2009-10-07
CZCE,2009-10-08
CZCE,2010-01-01
CZCE,2010-01-02
CZCE,2010-01-03
CZCE,2010-02-13
CZCE,2010-02-14
CZCE,2010-02-15
CZCE,2010-02-16
CZCE,2010-02-17
CZCE,2010-02-18
CZCE,2010-02-19
CZCE,2010-04-03
CZCE,2010-04-04
CZCE,2010-04-05
CZCE,2010-05-01
CZCE,2010-05-02
CZCE,2010-05-03
CZCE,2010-06-14
CZCE,2010-06-15
CZCE,2010-06-16
CZCE,2010-09-22
CZCE,2010-09-23
CZCE,2010-09-24
CZCE,2010-10-01
CZCE,2010-10-02
CZCE,2010-10-03
CZCE,2010-10-04
CZCE,2010-10-05
CZCE,2010-10-06
CZCE,2010-10-07
CZCE,2011-01-01
CZCE,2011-01-02
CZCE,2011-01-03
CZCE,2011-02-02
CZCE,2011-02-03
CZCE,2011-02-04
CZCE,2011-02-05
CZCE,2011-02-06
CZCE,2011-02-07
CZCE,2011-02-08
CZCE,2011-04-03
CZCE,2011-04-04
CZCE,2011-04-05
CZCE,2011-04-30
CZCE,2011-05-01
CZCE,2011-05-02
CZCE,2011-06-04
CZCE,2011-06-05
CZCE,2011-06-06
CZCE,2011-09-10
CZCE,2011-09-11
CZCE,2011-09-12
CZCE,2011-10-01
CZCE,2011-10-02
CZCE,2011-10-03
CZCE,2011-10-04
CZCE,2011-10-05
CZCE,2011-10-06
CZCE,2011-10-07
CZCE,2012-01-01
CZCE,2012-01-02
CZCE,2012-01-03
CZCE,2012-01-22
CZCE,2012-01-23
CZCE,2012-01-24
CZCE,2012-01-25
CZCE,2012-01-26
CZCE,2012-01-27
CZCE,2012-01-28
CZCE,2012-04-02
CZCE,2012-04-03
CZCE,2012-04-04
CZCE,2012-04-29
CZCE,2012-04-30
CZCE,2012-05-01
CZCE,2012-06-22
CZCE,2012-06-23
CZCE,2012-06-24
CZCE,2012-09-30
CZCE,2012-10-01
CZCE,2012-10-02
CZCE,2012-10-03
CZCE,2012-10-04
CZCE,2012-10-05
CZCE,2012-10-06
CZCE,2012-10-07
CZCE,2013-01-01
CZCE,2013-01-02
CZCE,2013-01-03
CZCE,2013-02-09
CZCE,2013-02-10
CZCE,2013-02-11
CZCE,2013-02-12
CZCE,2013-02-13
CZCE,2013-02-14
CZCE,2013-02-15
CZCE,2013-04-04
CZCE,2013-04-05
CZCE,2013-04-06
CZCE,2013-04-29
CZCE,2013-04-30
CZCE,2013-05-01
CZCE,2013-06-10
CZCE,2013-06-11
CZCE,2013-06-12
CZCE,2013-09-19
CZCE,2013-09-20
CZCE,2013-09-21
CZCE,2013-10-01
CZCE,2013-10-02
CZCE,2013-10-03
CZCE,2013-10-04
CZCE,2013-10-05
CZCE,2013-10-06
CZCE,2013-10-07
CZCE,2014-01-01
CZCE,2014-01-31
CZCE,2014-02-01
CZCE,2014-02-02
CZCE,2014-02-03
CZCE,2014-02-04
CZCE,2014-02-05
CZCE,2014-02-06
CZCE,2014-04-07
CZCE,2014-05-01
CZCE,2014-05-02
CZCE,2014-06-02
CZCE,2014-09-08
CZCE,2014-10-01
CZCE,2014-10-02
CZCE,2014-10-03
CZCE,2014-10-04
CZCE,2014-10-05
CZCE,2014-10-06
CZCE,2014-10-07
CZCE,2015-01-01
CZCE,2015-01-02
CZCE,2015-01-03
CZCE,2015-02-18
CZCE,2015-02-19
CZCE,2015-02-20
CZCE,2015-02-21
CZCE,2015-02-22
CZCE,2015-02-23
CZCE,2015-02-24
CZCE,2015-04-04
CZCE,2015-04-05
CZCE,2015-04-06
CZCE,2015-05-01
CZCE,2015-05-02
CZCE,2015-05-03
CZCE,2015-06-20
CZCE,2015-06-21
CZCE,2015-06-22
CZCE,2015-09-03
CZCE,2015-09-04
CZCE,2015-09-26
CZCE,2015-09-27
CZCE,2015-10-01
CZCE,2015-10-02
CZCE,2015-10-03
CZCE,2015-10-04
CZCE,2015-10-05
CZCE,2015-10-06
CZCE,2015-10-07
CZCE,2016-01-01
CZCE,2016-01-02
CZCE,2016-01-03
CZCE,2016-02-07
CZCE,2016-02-08
CZCE,2016-02-09
CZCE,2016-02-10
CZCE,2016-02-11
CZCE,2016-02-12
CZCE,2016-02-13
CZCE,2016-04-02
CZCE,2016-04-03
CZCE,2016-04-04
CZCE,2016-04-30
CZCE,2016-05-01
CZCE,2016-05-02
CZCE,2016-06-09
CZCE,2016-06-10
CZCE,2016-06-11
CZCE,2016-09-15
CZCE,2016-09-16
CZCE,2016-09-17
CZCE,2016-10-01
CZCE,2016-10-02
CZCE,2016-10-03
CZCE,2016-10-04
CZCE,2016-10-05
CZCE,2016-10-06
CZCE,2016-10-07
CZCE,2016-12-31
CZCE,2017-01-01
CZCE,2017-01-02
CZCE,2017-01-27
CZCE,2017-01-28
CZCE,2017-01-29
CZCE,2017-01-30
CZCE,2017-01-31
CZCE,2017-02-01
CZCE,2017-02-02
CZCE,2017-04-02
CZCE,2017-04-03
CZCE,2017-04-04
CZCE,2017-05-01
CZCE,2017-05-28
CZCE,2017-05-29
CZCE,2017-05-30
CZCE,2017-10-01
CZCE,2017-10-02
CZCE,2017-10-03
CZCE,2017-10-04
CZCE,2017-10-05
CZCE,2017-10-06
CZCE,2017-10-07
CZCE,2017-10-08
CZCE,2017-12-30
CZCE,2017-12-31
CZCE,2018-01-01
CZCE,2018-02-15
CZCE,2018-02-16
CZCE,2018-02-17
CZCE,2018-02-18
CZCE,2018-02-19
CZCE,2018-02-20
CZCE,2018-02-21
CZCE,2018-04-05
CZCE,2018-04-06
CZCE,2018-04-30
CZCE,2018-05-01
CZCE,2018-06-18
CZCE,2018-09-24
CZCE,2018-10-01
CZCE,2018-10-02
CZCE,2018-10-03
CZCE,2018-10-04
CZCE,2018-10-05
CZCE,2018-10-06
CZCE,2018-10-07
HKEX,2011-02-03
HKEX,2011-02-04
HKEX,2011-04-05
HKEX,2011-04-22
HKEX,2011-04-25
HKEX,2011-05-02
HKEX,2011-05-10
HKEX,2011-06-06
HKEX,2011-07-01
HKEX,2011-09-13
HKEX,2011-09-29
HKEX,2011-10-05
HKEX,2011-12-26
HKEX,2011-12-27
HKEX,2012-01-02
HKEX,2012-01-23
HKEX,2012-01-24
HKEX,2012-01-25
HKEX,2012-04-04
HKEX,2012-04-06
HKEX,2012-04-09
HKEX,2012-05-01
HKEX,2012-07-02
HKEX,2012-07-24
HKEX,2012-10-01
HKEX,2012-10-02
HKEX,2012-10-23
HKEX,2012-12-25
HKEX,2012-12-26
HKEX,2013-01-01
HKEX,2013-02-11
HKEX,2013-02-12
HKEX,2013-02-13
HKEX,2013-03-29
HKEX,2013-04-01
HKEX,2013-04-04
HKEX,2013-05-01
HKEX,2013-05-17
HKEX,2013-06-12
HKEX,2013-07-01
HKEX,2013-08-14
HKEX,2013-09-20
HKEX,2013-09-23
HKEX,2013-10-01
HKEX,2013-10-14
HKEX,2013-12-25
HKEX,2013-12-26
HKEX,2014-01-01
HKEX,2014-01-31
HKEX,2014-02-03
HKEX,2014-04-18
HKEX,2014-04-21
HKEX,2014-05-01
HKEX,2014-05-06
HKEX,2014-06-02
HKEX,2014-07-01
HKEX,2014-09-09
HKEX,2014-10-01
HKEX,2014-10-02
HKEX,2014-12-25
HKEX,2014-12-26
HKEX,2015-01-01
HKEX,2014-01-31
HKEX,2015-01-01
HKEX,2015-02-19
HKEX,2015-02-20
HKEX,2015-04-03
HKEX,2015-04-06
HKEX,2015-04-07
HKEX,2015-05-01
HKEX,2015-05-25
HKEX,2015-07-01
HKEX,2015-09-28
HKEX,2015-10-01
HKEX,2015-10-21
HKEX,2015-12-25
HKEX,2015-12-26
HKEX,2016-01-01
HKEX,2016-02-08
HKEX,2016-02-09
HKEX,2016-02-10
HKEX,2016-03-25
HKEX,2016-03-28
HKEX,2016-04-04
HKEX,2016-05-02
HKEX,2016-06-09
HKEX,2016-07-01
HKEX,2016-09-16
HKEX,2016-10-10
HKEX,2016-12-26
HKEX,2016-12-27
HKEX,2016-12-31
HKEX,2017-01-01
HKEX,2017-01-02
HKEX,2017-01-27
HKEX,2017-01-28
HKEX,2017-01-29
HKEX,2017-01-30
HKEX,2017-01-31
HKEX,2017-04-04
HKEX,2017-04-14
HKEX,2017-04-17
HKEX,2017-05-01
HKEX,2017-05-03
HKEX,2017-05-30
HKEX,2017-10-02
HKEX,2017-10-05
HKEX,2017-12-25
HKEX,2017-12-26
HKEX,2018-01-01
HKEX,2018-02-16
HKEX,2018-02-17
HKEX,2018-02-19
HKEX,2018-03-30
HKEX,2018-03-31
HKEX,2018-04-02
HKEX,2018-04-05
HKEX,2018-05-01
HKEX,2018-05-22
HKEX,2018-06-18
HKEX,2018-07-02
HKEX,2018-09-25
HKEX,2018-10-01
HKEX,2018-10-17
HKEX,2018-12-25
HKEX,2018-12-26
KRX,2015-01-01
KRX,2015-02-18
KRX,2015-02-19
KRX,2015-02-20
KRX,2015-05-01
KRX,2015-05-05
KRX,2015-05-25
KRX,2015-06-06
KRX,2015-08-15
KRX,2015-09-28
KRX,2015-09-29
KRX,2015-10-03
KRX,2015-10-09
KRX,2015-12-25
KRX,2015-12-31
KRX,2016-01-01
KRX,2016-02-07
KRX,2016-02-08
KRX,2016-02-09
KRX,2016-02-10
KRX,2016-03-01
KRX,2016-03-20
KRX,2016-04-05
KRX,2016-05-01
KRX,2016-05-05
KRX,2016-05-08
KRX,2016-05-14
KRX,2016-06-06
KRX,2016-06-20
KRX,2016-07-17
KRX,2016-08-15
KRX,2016-09-14
KRX,2016-09-15
KRX,2016-09-16
KRX,2016-09-22
KRX,2016-10-01
KRX,2016-10-03
KRX,2016-10-09
KRX,2016-12-21
KRX,2016-12-24
KRX,2016-12-25
KRX,2016-12-31
KRX,2017-01-27
KRX,2017-01-30
KRX,2017-03-01
KRX,2017-05-01
KRX,2017-05-03
KRX,2017-05-05
KRX,2017-06-06
KRX,2017-08-15
KRX,2017-10-03
KRX,2017-10-04
KRX,2017-10-05
KRX,2017-10-06
KRX,2017-10-09
KRX,2017-12-20
KRX,2017-12-25
KRX,2017-12-29
KRX,2018-01-01
KRX,2018-02-15
KRX,2018-02-16
KRX,2018-03-01
KRX,2018-05-05
KRX,2018-05-07
KRX,2018-05-22
KRX,2018-06-06
KRX,2018-06-13
KRX,2018-08-15
KRX,2018-09-23
KRX,2018-09-24
KRX,2018-09-25
KRX,2018-09-26
KRX,2018-10-03
KRX,2018-10-09
KRX,2018-12-25
SGXQ,2011-01-01
SGXQ,2011-02-03
SGXQ,2011-02-04
SGXQ,2011-04-22
SGXQ,2011-05-02
SGXQ,2011-05-17
SGXQ,2011-08-09
SGXQ,2011-08-30
SGXQ,2011-10-26
SGXQ,2011-11-27
SGXQ,2011-12-26
SGXQ,2012-01-02
SGXQ,2012-01-23
SGXQ,2012-01-24
SGXQ,2012-04-06
SGXQ,2012-05-01
SGXQ,2012-05-05
SGXQ,2012-08-09
SGXQ,2012-08-20
SGXQ,2012-10-26
SGXQ,2012-11-13
SGXQ,2012-12-25
SGXQ,2013-01-01
SGXQ,2013-02-10
SGXQ,2013-02-11
SGXQ,2013-02-12
SGXQ,2013-03-29
SGXQ,2013-05-01
SGXQ,2013-05-24
SGXQ,2013-08-08
SGXQ,2013-08-09
SGXQ,2013-10-15
SGXQ,2013-11-03
SGXQ,2013-12-25
SGXQ,2014-01-01
SGXQ,2014-01-31
SGXQ,2014-02-03
SGXQ,2014-04-18
SGXQ,2014-05-01
SGXQ,2014-05-13
SGXQ,2014-07-28
SGXQ,2014-08-11
SGXQ,2014-10-06
SGXQ,2014-10-22
SGXQ,2014-12-25
SGXQ,2015-01-01
SGXQ,2015-02-19
SGXQ,2015-02-20
SGXQ,2015-04-03
SGXQ,2015-05-01
SGXQ,2015-06-01
SGXQ,2015-07-17
SGXQ,2015-08-07
SGXQ,2015-08-09
SGXQ,2015-09-24
SGXQ,2015-11-10
SGXQ,2015-12-25
SGXQ,2014-01-01
SGXQ,2014-01-31
SGXQ,2014-02-01
SGXQ,2014-04-18
SGXQ,2014-05-01
SGXQ,2014-05-13
SGXQ,2014-07-28
SGXQ,2014-08-09
SGXQ,2014-10-05
SGXQ,2014-10-22
SGXQ,2014-12-25
SGXQ,2016-01-01
SGXQ,2016-02-08
SGXQ,2016-02-09
SGXQ,2016-03-25
SGXQ,2016-05-02
SGXQ,2016-05-21
SGXQ,2016-07-06
SGXQ,2016-08-09
SGXQ,2016-09-12
SGXQ,2016-10-29
SGXQ,2016-12-26
SGXQ,2017-01-02
SGXQ,2017-01-30
SGXQ,2017-04-14
SGXQ,2017-05-01
SGXQ,2017-05-10
SGXQ,2017-06-26
SGXQ,2017-08-09
SGXQ,2017-09-01
SGXQ,2017-10-18
SGXQ,2017-12-25
SGXQ,2018-01-01
SGXQ,2018-02-16
SGXQ,2018-02-17
SGXQ,2018-03-30
SGXQ,2018-05-01
SGXQ,2018-05-29
SGXQ,2018-06-15
SGXQ,2018-08-09
SGXQ,2018-08-22
SGXQ,2018-11-06
SGXQ,2018-12-25
BMD,2014-01-01
BMD,2014-01-14
BMD,2014-01-17
BMD,2014-01-30
BMD,2014-01-31
BMD,2014-02-01
BMD,2014-05-01
BMD,2014-05-13
BMD,2014-06-07
BMD,2014-07-28
BMD,2014-07-29
BMD,2014-08-31
BMD,2014-09-16
BMD,2014-10-05
BMD,2014-10-23
BMD,2014-10-25
BMD,2014-12-25
BMD,2015-01-01
BMD,2015-01-03
BMD,2015-02-01
BMD,2015-02-03
BMD,2015-02-19
BMD,2015-02-20
BMD,2015-05-01
BMD,2015-05-03
BMD,2015-06-06
BMD,2015-07-04
BMD,2015-07-17
BMD,2015-07-18
BMD,2015-08-31
BMD,2015-09-16
BMD,2015-09-24
BMD,2015-10-14
BMD,2015-11-10
BMD,2015-12-24
BMD,2015-12-25
BMD,2016-01-01
BMD,2016-01-25
BMD,2016-02-01
BMD,2016-02-08
BMD,2016-02-09
BMD,2016-05-02
BMD,2016-05-21
BMD,2016-06-04
BMD,2016-06-22
BMD,2016-07-06
BMD,2016-07-07
BMD,2016-08-31
BMD,2016-09-12
BMD,2016-09-16
BMD,2016-10-03
BMD,2016-10-29
BMD,2016-12-12
BMD,2016-12-26
BMD,2017-01-01
BMD,2017-01-27
BMD,2017-01-28
BMD,2017-01-29
BMD,2017-02-01
BMD,2017-02-09
BMD,2017-05-01
BMD,2017-05-10
BMD,2017-05-30
BMD,2017-05-31
BMD,2017-06-03
BMD,2017-06-12
BMD,2017-06-25
BMD,2017-06-26
BMD,2017-08-31
BMD,2017-09-01
BMD,2017-09-16
BMD,2017-09-21
BMD,2017-10-18
BMD,2017-12-01
BMD,2017-12-25
BMD,2018-01-01
BMD,2018-01-31
BMD,2018-02-01
BMD,2018-02-16
BMD,2018-02-17
BMD,2018-03-23
BMD,2018-03-30
BMD,2018-04-26
BMD,2018-05-01
BMD,2018-05-07
BMD,2018-05-17
BMD,2018-05-29
BMD,2018-05-30
BMD,2018-05-31
BMD,2018-06-01
BMD,2018-06-15
BMD,2018-08-22
BMD,2018-08-23
BMD,2018-08-31
BMD,2018-09-11
BMD,2018-09-17
BMD,2018-10-12
BMD,2018-10-24
BMD,2018-11-02
BMD,2018-11-06
BMD,2018-11-12
BMD,2018-11-20
BMD,2018-12-11
BMD,2018-12-25
TOCOM,2014-01-01
TOCOM,2014-01-02
TOCOM,2014-01-03
TOCOM,2014-01-13
TOCOM,2014-02-11
TOCOM,2014-03-21
TOCOM,2014-04-29
TOCOM,2014-05-03
TOCOM,2014-05-05
TOCOM,2014-05-06
TOCOM,2014-07-21
TOCOM,2014-09-15
TOCOM,2014-09-23
TOCOM,2014-10-13
TOCOM,2014-11-03
TOCOM,2014-11-24
TOCOM,2014-12-23
TOCOM,2014-12-31
TOCOM,2015-01-01
TOCOM,2015-01-02
TOCOM,2015-01-03
TOCOM,2015-01-12
TOCOM,2015-02-11
TOCOM,2015-03-21
TOCOM,2015-04-29
TOCOM,2015-05-03
TOCOM,2015-05-04
TOCOM,2015-05-05
TOCOM,2015-05-06
TOCOM,2015-07-20
TOCOM,2015-09-21
TOCOM,2015-09-22
TOCOM,2015-09-23
TOCOM,2015-10-12
TOCOM,2015-11-03
TOCOM,2015-11-23
TOCOM,2015-12-23
TOCOM,2015-12-31
TOCOM,2016-01-01
TOCOM,2016-01-02
TOCOM,2016-01-03
TOCOM,2016-01-11
TOCOM,2016-02-11
TOCOM,2016-03-20
TOCOM,2016-03-21
TOCOM,2016-04-29
TOCOM,2016-05-03
TOCOM,2016-05-04
TOCOM,2016-05-05
TOCOM,2016-07-18
TOCOM,2016-08-11
TOCOM,2016-09-19
TOCOM,2016-09-22
TOCOM,2016-10-10
TOCOM,2016-11-03
TOCOM,2016-11-23
TOCOM,2016-12-23
TOCOM,2016-12-31
TOCOM,2017-01-01
TOCOM,2017-01-02
TOCOM,2017-01-03
TOCOM,2017-01-09
TOCOM,2017-02-11
TOCOM,2017-03-20
TOCOM,2017-04-29
TOCOM,2017-05-03
TOCOM,2017-05-04
TOCOM,2017-05-05
TOCOM,2017-07-17
TOCOM,2017-08-11
TOCOM,2017-09-18
TOCOM,2017-09-23
TOCOM,2017-10-09
TOCOM,2017-11-03
TOCOM,2017-11-23
TOCOM,2017-12-23
TOCOM,2017-12-31
TOCOM,2018-01-01
TOCOM,2018-01-02
TOCOM,2018-01-03
TOCOM,2018-01-08
TOCOM,2018-02-11
TOCOM,2018-02-12
TOCOM,2018-03-21
TOCOM,2018-04-29
TOCOM,2018-04-30
TOCOM,2018-05-03
TOCOM,2018-05-04
TOCOM,2018-05-05
TOCOM,2018-07-16
TOCOM,2018-08-11
TOCOM,2018-09-17
TOCOM,2018-09-23
TOCOM,2018-09-24
TOCOM,2018-10-08
TOCOM,2018-11-03
TOCOM,2018-11-23
TOCOM,2018-12-23
TOCOM,2018-12-24
TOCOM,2018-12-31
TFEX,2016-01-01
TFEX,2016-02-22
TFEX,2016-04-06
TFEX,2016-04-13
TFEX,2016-04-14
TFEX,2016-04-15
TFEX,2016-05-02
TFEX,2016-05-05
TFEX,2016-05-20
TFEX,2016-07-01
TFEX,2016-07-19
TFEX,2016-08-12
TFEX,2016-10-24
TFEX,2016-12-05
TFEX,2016-12-12
TFEX,2018-01-01
TFEX,2018-01-02
TFEX,2018-03-01
TFEX,2018-04-06
TFEX,2018-04-13
TFEX,2018-04-16
TFEX,2018-05-01
TFEX,2018-05-29
TFEX,2018-07-27
TFEX,2018-07-30
TFEX,2018-08-13
TFEX,2018-10-15
TFEX,2018-10-23
TFEX,2018-12-05
TFEX,2018-12-10
TFEX,2018-12-31
SFE,2011-01-03
SFE,2011-01-26
SFE,2011-04-22
SFE,2011-04-25
SFE,2011-04-26
SFE,2011-06-13
SFE,2011-08-01
SFE,2011-10-03
SFE,2011-12-26
SFE,2011-12-27
SFE,2012-01-02
SFE,2012-01-26
SFE,2012-04-06
SFE,2012-04-09
SFE,2012-04-25
SFE,2012-06-11
SFE,2012-12-25
SFE,2012-12-26
SFE,2013-01-01
SFE,2013-01-28
SFE,2013-03-29
SFE,2013-04-01
SFE,2013-04-25
SFE,2013-06-10
SFE,2013-12-25
SFE,2013-12-26
SFE,2014-01-01
SFE,2014-01-27
SFE,2014-04-18
SFE,2014-04-21
SFE,2014-04-25
SFE,2014-06-09
SFE,2014-12-25
SFE,2014-12-26
SFE,2015-01-01
SFE,2015-01-26
SFE,2015-04-03
SFE,2015-04-06
SFE,2015-04-25
SFE,2015-06-08
SFE,2015-12-25
SFE,2016-01-01
SFE,2016-01-04
SFE,2016-01-18
SFE,2016-01-26
SFE,2016-02-08
SFE,2016-02-15
SFE,2016-03-24
SFE,2016-03-25
SFE,2016-03-28
SFE,2016-04-25
SFE,2016-05-30
SFE,2016-06-06
SFE,2016-06-13
SFE,2016-07-04
SFE,2016-08-01
SFE,2016-09-05
SFE,2016-10-03
SFE,2016-10-10
SFE,2016-10-24
SFE,2016-11-11
SFE,2016-11-24
SFE,2016-12-23
SFE,2016-12-26
SFE,2016-12-27
SFE,2016-12-30
SFE,2017-01-02
SFE,2017-01-26
SFE,2017-04-14
SFE,2017-04-17
SFE,2017-04-25
SFE,2017-06-12
SFE,2017-12-25
SFE,2017-12-26
SFE,2018-01-01
SFE,2018-02-26
SFE,2018-03-30
SFE,2018-04-02
SFE,2018-04-25
SFE,2018-06-11
SFE,2018-12-24
SFE,2018-12-25
SFE,2018-12-26
SFE,2018-12-31
LSE,2011-01-03
LSE,2011-04-22
LSE,2011-04-25
LSE,2011-04-29
LSE,2011-05-02
LSE,2011-05-30
LSE,2011-08-29
LSE,2011-12-26
LSE,2011-12-27
LSE,2012-01-02
LSE,2012-04-06
LSE,2012-04-09
LSE,2012-05-07
LSE,2012-06-04
LSE,2012-06-05
LSE,2012-08-27
LSE,2012-12-25
LSE,2012-12-26
LSE,2013-01-01
LSE,2013-03-29
LSE,2013-04-01
LSE,2013-05-06
LSE,2013-05-27
LSE,2013-08-26
LSE,2013-12-25
LSE,2013-12-26
LSE,2014-01-01
LSE,2014-04-18
LSE,2014-04-21
LSE,2014-05-05
LSE,2014-05-26
LSE,2014-08-25
LSE,2014-12-25
LSE,2014-12-26
LSE,2015-01-01
LSE,2015-04-03
LSE,2015-04-06
LSE,2015-05-04
LSE,2015-05-25
LSE,2015-08-31
LSE,2015-12-25
LSE,2015-12-28
LSE,2016-01-01
LSE,2016-03-25
LSE,2016-03-28
LSE,2016-05-02
LSE,2016-05-30
LSE,2016-08-29
LSE,2016-12-31
LSE,2017-01-01
LSE,2017-01-02
LSE,2017-04-14
LSE,2017-04-17
LSE,2017-05-01
LSE,2017-05-29
LSE,2017-08-28
LSE,2017-12-22
LSE,2017-12-25
LSE,2017-12-26
LSE,2017-12-29
LSE,2018-01-01
LSE,2018-03-30
LSE,2018-04-02
LSE,2018-05-07
LSE,2018-05-28
LSE,2018-08-27
LSE,2018-12-24
LSE,2018-12-25
LSE,2018-12-26
LSE,2018-12-31
CME,2011-01-17
CME,2011-02-21
CME,2011-04-22
CME,2011-05-30
CME,2011-07-04
CME,2011-09-05
CME,2011-11-24
CME,2011-12-26
CME,2012-01-02
CME,2012-01-16
CME,2012-02-20
CME,2012-04-06
CME,2012-05-28
CME,2012-07-04
CME,2012-09-03
CME,2012-10-29
CME,2012-10-30
CME,2012-11-22
CME,2012-12-25
CME,2013-01-01
CME,2013-12-25
CME,2014-01-01
CME,2014-12-25
CME,2015-01-01
CME,2015-12-25
CME,2016-01-01
CME,2016-12-25
CME,2017-01-01
CME,2017-12-25
CME,2018-01-01
CME,2018-01-02
CME,2018-01-12
CME,2018-01-13
CME,2018-01-14
CME,2018-01-15
CME,2018-01-16
CME,2018-02-16
CME,2018-02-17
CME,2018-02-18
CME,2018-02-19
CME,2018-02-20
CME,2018-03-29
CME,2018-03-30
CME,2018-03-31
CME,2018-04-01
CME,2018-04-02
CME,2018-05-25
CME,2018-05-26
CME,2018-05-27
CME,2018-05-28
CME,2018-05-29
CME,2018-07-03
CME,2018-07-04
CME,2018-07-05
CME,2018-08-31
CME,2018-09-01
CME,2018-09-02
CME,2018-09-03
CME,2018-09-04
CME,2018-11-21
CME,2018-11-22
CME,2018-11-23
CME,2018-12-24
CME,2018-12-25
CME,2018-12-26
CME,2018-12-31
SGE,2001-01-24
SGE,2001-01-25
SGE,2001-01-26
SGE,2001-01-27
SGE,2001-01-28
SGE,2001-01-29
SGE,2001-01-30
SGE,2001-05-01
SGE,2001-05-02
SGE,2001-05-03
SGE,2001-05-04
SGE,2001-05-05
SGE,2001-05-06
SGE,2001-05-07
SGE,2001-10-01
SGE,2001-10-02
SGE,2001-10-03
SGE,2001-10-04
SGE,2001-10-05
SGE,2001-10-06
SGE,2001-10-07
SGE,2002-01-01
SGE,2002-01-02
SGE,2002-01-03
SGE,2002-02-12
SGE,2002-02-13
SGE,2002-02-14
SGE,2002-02-15
SGE,2002-02-16
SGE,2002-02-17
SGE,2002-02-18
SGE,2002-05-01
SGE,2002-05-02
SGE,2002-05-03
SGE,2002-05-04
SGE,2002-05-05
SGE,2002-05-06
SGE,2002-05-07
SGE,2002-10-01
SGE,2002-10-02
SGE,2002-10-03
SGE,2002-10-04
SGE,2002-10-05
SGE,2002-10-06
SGE,2002-10-07
SGE,2003-01-01
SGE,2003-02-01
SGE,2003-02-03
SGE,2003-02-04
SGE,2003-02-05
SGE,2003-02-06
SGE,2003-02-07
SGE,2003-05-01
SGE,2003-05-02
SGE,2003-05-03
SGE,2003-05-04
SGE,2003-05-05
SGE,2003-05-06
SGE,2003-05-07
SGE,2003-10-01
SGE,2003-10-02
SGE,2003-10-03
SGE,2003-10-04
SGE,2003-10-05
SGE,2003-10-06
SGE,2003-10-07
SGE,2004-01-01
SGE,2004-01-22
SGE,2004-01-23
SGE,2004-01-24
SGE,2004-01-25
SGE,2004-01-26
SGE,2004-01-27
SGE,2004-01-28
SGE,2004-05-01
SGE,2004-05-02
SGE,2004-05-03
SGE,2004-05-04
SGE,2004-05-05
SGE,2004-05-06
SGE,2004-05-07
SGE,2004-10-01
SGE,2004-10-02
SGE,2004-10-03
SGE,2004-10-04
SGE,2004-10-05
SGE,2004-10-06
SGE,2004-10-07
SGE,2005-01-01
SGE,2005-01-02
SGE,2005-01-03
SGE,2005-02-07
SGE,2005-02-08
SGE,2005-02-09
SGE,2005-02-10
SGE,2005-02-11
SGE,2005-02-12
SGE,2005-02-13
SGE,2005-02-14
SGE,2005-02-15
SGE,2005-05-01
SGE,2005-05-02
SGE,2005-05-03
SGE,2005-05-04
SGE,2005-05-05
SGE,2005-05-06
SGE,2005-05-07
SGE,2005-10-01
SGE,2005-10-02
SGE,2005-10-03
SGE,2005-10-04
SGE,2005-10-05
SGE,2005-10-06
SGE,2005-10-07
SGE,2006-01-01
SGE,2006-01-02
SGE,2006-01-03
SGE,2006-01-26
SGE,2006-01-27
SGE,2006-01-28
SGE,2006-01-29
SGE,2006-01-30
SGE,2006-01-31
SGE,2006-02-01
SGE,2006-02-02
SGE,2006-02-03
SGE,2006-02-04
SGE,2006-02-05
SGE,2006-05-01
SGE,2006-05-02
SGE,2006-05-03
SGE,2006-05-04
SGE,2006-05-05
SGE,2006-05-06
SGE,2006-05-07
SGE,2006-10-01
SGE,2006-10-02
SGE,2006-10-03
SGE,2006-10-04
SGE,2006-10-05
SGE,2006-10-06
SGE,2006-10-07
SGE,2006-10-08
SGE,2007-01-01
SGE,2007-01-02
SGE,2007-01-03
SGE,2007-02-17
SGE,2007-02-18
SGE,2007-02-19
SGE,2007-02-20
SGE,2007-02-21
SGE,2007-02-22
SGE,2007-02-23
SGE,2007-02-24
SGE,2007-02-25
SGE,2007-05-01
SGE,2007-05-02
SGE,2007-05-03
SGE,2007-05-04
SGE,2007-05-05
SGE,2007-05-06
SGE,2007-05-07
SGE,2007-10-01
SGE,2007-10-02
SGE,2007-10-03
SGE,2007-10-04
SGE,2007-10-05
SGE,2007-10-06
SGE,2007-10-07
SGE,2007-12-30
SGE,2007-12-31
SGE,2008-01-01
SGE,2008-02-06
SGE,2008-02-07
SGE,2008-02-08
SGE,2008-02-09
SGE,2008-02-10
SGE,2008-02-11
SGE,2008-02-12
SGE,2008-04-04
SGE,2008-04-05
SGE,2008-04-06
SGE,2008-05-01
SGE,2008-05-02
SGE,2008-05-03
SGE,2008-05-04
SGE,2008-06-07
SGE,2008-06-08
SGE,2008-06-09
SGE,2008-09-13
SGE,2008-09-14
SGE,2008-09-15
SGE,2008-09-29
SGE,2008-09-30
SGE,2008-10-01
SGE,2008-10-02
SGE,2008-10-03
SGE,2008-10-04
SGE,2008-10-05
SGE,2009-01-01
SGE,2009-01-02
SGE,2009-01-03
SGE,2009-01-25
SGE,2009-01-26
SGE,2009-01-27
SGE,2009-01-28
SGE,2009-01-29
SGE,2009-01-30
SGE,2009-01-31
SGE,2009-04-04
SGE,2009-04-05
SGE,2009-04-06
SGE,2009-05-01
SGE,2009-05-02
SGE,2009-05-03
SGE,2009-05-28
SGE,2009-05-29
SGE,2009-05-30
SGE,2009-10-01
SGE,2009-10-02
SGE,2009-10-03
SGE,2009-10-04
SGE,2009-10-05
SGE,2009-10-06
SGE,2009-10-07
SGE,2009-10-08
SGE,2010-01-01
SGE,2010-01-02
SGE,2010-01-03
SGE,2010-02-13
SGE,2010-02-14
SGE,2010-02-15
SGE,2010-02-16
SGE,2010-02-17
SGE,2010-02-18
SGE,2010-02-19
SGE,2010-04-03
SGE,2010-04-04
SGE,2010-04-05
SGE,2010-05-01
SGE,2010-05-02
SGE,2010-05-03
SGE,2010-06-14
SGE,2010-06-15
SGE,2010-06-16
SGE,2010-09-22
SGE,2010-09-23
SGE,2010-09-24
SGE,2010-10-01
SGE,2010-10-02
SGE,2010-10-03
SGE,2010-10-04
SGE,2010-10-05
SGE,2010-10-06
SGE,2010-10-07
SGE,2011-01-01
SGE,2011-01-02
SGE,2011-01-03
SGE,2011-02-02
SGE,2011-02-03
SGE,2011-02-04
SGE,2011-02-05
SGE,2011-02-06
SGE,2011-02-07
SGE,2011-02-08
SGE,2011-04-03
SGE,2011-04-04
SGE,2011-04-05
SGE,2011-04-30
SGE,2011-05-01
SGE,2011-05-02
SGE,2011-06-04
SGE,2011-06-05
SGE,2011-06-06
SGE,2011-09-10
SGE,2011-09-11
SGE,2011-09-12
SGE,2011-10-01
SGE,2011-10-02
SGE,2011-10-03
SGE,2011-10-04
SGE,2011-10-05
SGE,2011-10-06
SGE,2011-10-07
SGE,2012-01-01
SGE,2012-01-02
SGE,2012-01-03
SGE,2012-01-22
SGE,2012-01-23
SGE,2012-01-24
SGE,2012-01-25
SGE,2012-01-26
SGE,2012-01-27
SGE,2012-01-28
SGE,2012-04-02
SGE,2012-04-03
SGE,2012-04-04
SGE,2012-04-29
SGE,2012-04-30
SGE,2012-05-01
SGE,2012-06-22
SGE,2012-06-23
SGE,2012-06-24
SGE,2012-09-30
SGE,2012-10-01
SGE,2012-10-02
SGE,2012-10-03
SGE,2012-10-04
SGE,2012-10-05
SGE,2012-10-06
SGE,2012-10-07
SGE,2013-01-01
SGE,2013-01-02
SGE,2013-01-03
SGE,2013-02-09
SGE,2013-02-10
SGE,2013-02-11
SGE,2013-02-12
SGE,2013-02-13
SGE,2013-02-14
SGE,2013-02-15
SGE,2013-04-04
SGE,2013-04-05
SGE,2013-04-06
SGE,2013-04-29
SGE,2013-04-30
SGE,2013-05-01
SGE,2013-06-10
SGE,2013-06-11
SGE,2013-06-12
SGE,2013-09-19
SGE,2013-09-20
SGE,2013-09-21
SGE,2013-10-01
SGE,2013-10-02
SGE,2013-10-03
SGE,2013-10-04
SGE,2013-10-05
SGE,2013-10-06
SGE,2013-10-07
SGE,2014-01-01
SGE,2014-01-31
SGE,2014-02-01
SGE,2014-02-02
SGE,2014-02-03
SGE,2014-02-04
SGE,2014-02-05
SGE,2014-02-06
SGE,2014-04-07
SGE,2014-05-01
SGE,2014-05-02
SGE,2014-06-02
SGE,2014-09-08
SGE,2014-10-01
SGE,2014-10-02
SGE,2014-10-03
SGE,2014-10-04
SGE,2014-10-05
SGE,2014-10-06
SGE,2014-10-07
SGE,2015-01-01
SGE,2015-01-02
SGE,2015-01-03
SGE,2015-02-18
SGE,2015-02-19
SGE,2015-02-20
SGE,2015-02-21
SGE,2015-02-22
SGE,2015-02-23
SGE,2015-02-24
SGE,2015-04-04
SGE,2015-04-05
SGE,2015-04-06
SGE,2015-05-01
SGE,2015-05-02
SGE,2015-05-03
SGE,2015-06-20
SGE,2015-06-21
SGE,2015-06-22
SGE,2015-09-03
SGE,2015-09-04
SGE,2015-09-26
SGE,2015-09-27
SGE,2015-10-01
SGE,2015-10-02
SGE,2015-10-03
SGE,2015-10-04
SGE,2015-10-05
SGE,2015-10-06
SGE,2015-10-07
SGE,2016-01-01
SGE,2016-01-02
SGE,2016-01-03
SGE,2016-02-07
SGE,2016-02-08
SGE,2016-02-09
SGE,2016-02-10
SGE,2016-02-11
SGE,2016-02-12
SGE,2016-02-13
SGE,2016-04-02
SGE,2016-04-03
SGE,2016-04-04
SGE,2016-04-30
SGE,2016-05-01
SGE,2016-05-02
SGE,2016-06-09
SGE,2016-06-10
SGE,2016-06-11
SGE,2016-09-15
SGE,2016-09-16
SGE,2016-09-17
SGE,2016-10-01
SGE,2016-10-02
SGE,2016-10-03
SGE,2016-10-04
SGE,2016-10-05
SGE,2016-10-06
SGE,2016-10-07
SGE,2016-12-31
SGE,2017-01-01
SGE,2017-01-02
SGE,2017-01-27
SGE,2017-01-28
SGE,2017-01-29
SGE,2017-01-30
SGE,2017-01-31
SGE,2017-02-01
SGE,2017-02-02
SGE,2017-04-02
SGE,2017-04-03
SGE,2017-04-04
SGE,2017-05-01
SGE,2017-05-28
SGE,2017-05-29
SGE,2017-05-30
SGE,2017-10-01
SGE,2017-10-02
SGE,2017-10-03
SGE,2017-10-04
SGE,2017-10-05
SGE,2017-10-06
SGE,2017-10-07
SGE,2017-10-08
SGE,2017-12-30
SGE,2017-12-31
SGE,2018-01-01
SGE,2018-02-15
SGE,2018-02-16
SGE,2018-02-17
SGE,2018-02-18
SGE,2018-02-19
SGE,2018-02-20
SGE,2018-02-21
SGE,2018-04-05
SGE,2018-04-06
SGE,2018-04-30
SGE,2018-05-01
SGE,2018-06-18
SGE,2018-09-24
SGE,2018-10-01
SGE,2018-10-02
SGE,2018-10-03
SGE,2018-10-04
SGE,2018-10-05
SGE,2018-10-06
SGE,2018-10-07
SH,2019-01-01
SH,2019-01-05
SH,2019-01-06
SH,2019-01-12
SH,2019-01-13
SH,2019-01-19
SH,2019-01-20
SH,2019-01-26
SH,2019-01-27
SH,2019-02-02
SH,2019-02-03
SH,2019-02-04
SH,2019-02-05
SH,2019-02-06
SH,2019-02-07
SH,2019-02-08
SH,2019-02-09
SH,2019-02-10
SH,2019-02-16
SH,2019-02-17
SH,2019-02-23
SH,2019-02-24
SH,2019-03-02
SH,2019-03-03
SH,2019-03-09
SH,2019-03-10
SH,2019-03-16
SH,2019-03-17
SH,2019-03-23
SH,2019-03-24
SH,2019-03-30
SH,2019-03-31
SH,2019-04-05
SH,2019-04-06
SH,2019-04-07
SH,2019-04-13
SH,2019-04-14
SH,2019-04-20
SH,2019-04-21
SH,2019-04-27
SH,2019-04-28
SH,2019-05-01
SH,2019-05-04
SH,2019-05-05
SH,2019-05-11
SH,2019-05-12
SH,2019-05-18
SH,2019-05-19
SH,2019-05-25
SH,2019-05-26
SH,2019-06-01
SH,2019-06-02
SH,2019-06-07
SH,2019-06-08
SH,2019-06-09
SH,2019-06-15
SH,2019-06-16
SH,2019-06-22
SH,2019-06-23
SH,2019-06-29
SH,2019-06-30
SH,2019-07-06
SH,2019-07-07
SH,2019-07-13
SH,2019-07-14
SH,2019-07-20
SH,2019-07-21
SH,2019-07-27
SH,2019-07-28
SH,2019-08-03
SH,2019-08-04
SH,2019-08-10
SH,2019-08-11
SH,2019-08-17
SH,2019-08-18
SH,2019-08-24
SH,2019-08-25
SH,2019-08-31
SH,2019-09-01
SH,2019-09-07
SH,2019-09-08
SH,2019-09-13
SH,2019-09-14
SH,2019-09-15
SH,2019-09-21
SH,2019-09-22
SH,2019-09-28
SH,2019-09-29
SH,2019-10-01
SH,2019-10-02
SH,2019-10-03
SH,2019-10-04
SH,2019-10-05
SH,2019-10-06
SH,2019-10-07
SH,2019-10-12
SH,2019-10-13
SH,2019-10-19
SH,2019-10-20
SH,2019-10-26
SH,2019-10-27
SH,2019-11-02
SH,2019-11-03
SH,2019-11-09
SH,2019-11-10
SH,2019-11-16
SH,2019-11-17
SH,2019-11-23
SH,2019-11-24
SH,2019-11-30
SH,2019-12-01
SH,2019-12-07
SH,2019-12-08
SH,2019-12-14
SH,2019-12-15
SH,2019-12-21
SH,2019-12-22
SH,2019-12-28
SH,2019-12-29
SZ,2019-01-01
SZ,2019-01-05
SZ,2019-01-06
SZ,2019-01-12
SZ,2019-01-13
SZ,2019-01-19
SZ,2019-01-20
SZ,2019-01-26
SZ,2019-01-27
SZ,2019-02-02
SZ,2019-02-03
SZ,2019-02-04
SZ,2019-02-05
SZ,2019-02-06
SZ,2019-02-07
SZ,2019-02-08
SZ,2019-02-09
SZ,2019-02-10
SZ,2019-02-16
SZ,2019-02-17
SZ,2019-02-23
SZ,2019-02-24
SZ,2019-03-02
SZ,2019-03-03
SZ,2019-03-09
SZ,2019-03-10
SZ,2019-03-16
SZ,2019-03-17
SZ,2019-03-23
SZ,2019-03-24
SZ,2019-03-30
SZ,2019-03-31
SZ,2019-04-05
SZ,2019-04-06
SZ,2019-04-07
SZ,2019-04-13
SZ,2019-04-14
SZ,2019-04-20
SZ,2019-04-21
SZ,2019-04-27
SZ,2019-04-28
SZ,2019-05-01
SZ,2019-05-04
SZ,2019-05-05
SZ,2019-05-11
SZ,2019-05-12
SZ,2019-05-18
SZ,2019-05-19
SZ,2019-05-25
SZ,2019-05-26
SZ,2019-06-01
SZ,2019-06-02
SZ,2019-06-07
SZ,2019-06-08
SZ,2019-06-09
SZ,2019-06-15
SZ,2019-06-16
SZ,2019-06-22
SZ,2019-06-23
SZ,2019-06-29
SZ,2019-06-30
SZ,2019-07-06
SZ,2019-07-07
SZ,2019-07-13
SZ,2019-07-14
SZ,2019-07-20
SZ,2019-07-21
SZ,2019-07-27
SZ,2019-07-28
SZ,2019-08-03
SZ,2019-08-04
SZ,2019-08-10
SZ,2019-08-11
SZ,2019-08-17
SZ,2019-08-18
SZ,2019-08-24
SZ,2019-08-25
SZ,2019-08-31
SZ,2019-09-01
SZ,2019-09-07
SZ,2019-09-08
SZ,2019-09-13
SZ,2019-09-14
SZ,2019-09-15
SZ,2019-09-21
SZ,2019-09-22
SZ,2019-09-28
SZ,2019-09-29
SZ,2019-10-01
SZ,2019-10-02
SZ,2019-10-03
SZ,2019-10-04
SZ,2019-10-05
SZ,2019-10-06
SZ,2019-10-07
SZ,2019-10-12
SZ,2019-10-13
SZ,2019-10-19
SZ,2019-10-20
SZ,2019-10-26
SZ,2019-10-27
SZ,2019-11-02
SZ,2019-11-03
SZ,2019-11-09
SZ,2019-11-10
SZ,2019-11-16
SZ,2019-11-17
SZ,2019-11-23
SZ,2019-11-24
SZ,2019-11-30
SZ,2019-12-01
SZ,2019-12-07
SZ,2019-12-08
SZ,2019-12-14
SZ,2019-12-15
SZ,2019-12-21
SZ,2019-12-22
SZ,2019-12-28
SZ,2019-12-29
SHFE,2019-01-01
SHFE,2019-01-05
SHFE,2019-01-06
SHFE,2019-01-12
SHFE,2019-01-13
SHFE,2019-01-19
SHFE,2019-01-20
SHFE,2019-01-26
SHFE,2019-01-27
SHFE,2019-02-02
SHFE,2019-02-03
SHFE,2019-02-04
SHFE,2019-02-05
SHFE,2019-02-06
SHFE,2019-02-07
SHFE,2019-02-08
SHFE,2019-02-09
SHFE,2019-02-10
SHFE,2019-02-16
SHFE,2019-02-17
SHFE,2019-02-23
SHFE,2019-02-24
SHFE,2019-03-02
SHFE,2019-03-03
SHFE,2019-03-09
SHFE,2019-03-10
SHFE,2019-03-16
SHFE,2019-03-17
SHFE,2019-03-23
SHFE,2019-03-24
SHFE,2019-03-30
SHFE,2019-03-31
SHFE,2019-04-05
SHFE,2019-04-06
SHFE,2019-04-07
SHFE,2019-04-13
SHFE,2019-04-14
SHFE,2019-04-20
SHFE,2019-04-21
SHFE,2019-04-27
SHFE,2019-04-28
SHFE,2019-05-01
SHFE,2019-05-04
SHFE,2019-05-05
SHFE,2019-05-11
SHFE,2019-05-12
SHFE,2019-05-18
SHFE,2019-05-19
SHFE,2019-05-25
SHFE,2019-05-26
SHFE,2019-06-01
SHFE,2019-06-02
SHFE,2019-06-07
SHFE,2019-06-08
SHFE,2019-06-09
SHFE,2019-06-15
SHFE,2019-06-16
SHFE,2019-06-22
SHFE,2019-06-23
SHFE,2019-06-29
SHFE,2019-06-30
SHFE,2019-07-06
SHFE,2019-07-07
SHFE,2019-07-13
SHFE,2019-07-14
SHFE,2019-07-20
SHFE,2019-07-21
SHFE,2019-07-27
SHFE,2019-07-28
SHFE,2019-08-03
SHFE,2019-08-04
SHFE,2019-08-10
SHFE,2019-08-11
SHFE,2019-08-17
SHFE,2019-08-18
SHFE,2019-08-24
SHFE,2019-08-25
SHFE,2019-08-31
SHFE,2019-09-01
SHFE,2019-09-07
SHFE,2019-09-08
SHFE,2019-09-13
SHFE,2019-09-14
SHFE,2019-09-15
SHFE,2019-09-21
SHFE,2019-09-22
SHFE,2019-09-28
SHFE,2019-09-29
SHFE,2019-10-01
SHFE,2019-10-02
SHFE,2019-10-03
SHFE,2019-10-04
SHFE,2019-10-05
SHFE,2019-10-06
SHFE,2019-10-07
SHFE,2019-10-12
SHFE,2019-10-13
SHFE,2019-10-19
SHFE,2019-10-20
SHFE,2019-10-26
SHFE,2019-10-27
SHFE,2019-11-02
SHFE,2019-11-03
SHFE,2019-11-09
SHFE,2019-11-10
SHFE,2019-11-16
SHFE,2019-11-17
SHFE,2019-11-23
SHFE,2019-11-24
SHFE,2019-11-30
SHFE,2019-12-01
SHFE,2019-12-07
SHFE,2019-12-08
SHFE,2019-12-14
SHFE,2019-12-15
SHFE,2019-12-21
SHFE,2019-12-22
SHFE,2019-12-28
SHFE,2019-12-29
DCE,2019-01-01
DCE,2019-01-05
DCE,2019-01-06
DCE,2019-01-12
DCE,2019-01-13
DCE,2019-01-19
DCE,2019-01-20
DCE,2019-01-26
DCE,2019-01-27
DCE,2019-02-02
DCE,2019-02-03
DCE,2019-02-04
DCE,2019-02-05
DCE,2019-02-06
DCE,2019-02-07
DCE,2019-02-08
DCE,2019-02-09
DCE,2019-02-10
DCE,2019-02-16
DCE,2019-02-17
DCE,2019-02-23
DCE,2019-02-24
DCE,2019-03-02
DCE,2019-03-03
DCE,2019-03-09
DCE,2019-03-10
DCE,2019-03-16
DCE,2019-03-17
DCE,2019-03-23
DCE,2019-03-24
DCE,2019-03-30
DCE,2019-03-31
DCE,2019-04-05
DCE,2019-04-06
DCE,2019-04-07
DCE,2019-04-13
DCE,2019-04-14
DCE,2019-04-20
DCE,2019-04-21
DCE,2019-04-27
DCE,2019-04-28
DCE,2019-05-01
DCE,2019-05-04
DCE,2019-05-05
DCE,2019-05-11
DCE,2019-05-12
DCE,2019-05-18
DCE,2019-05-19
DCE,2019-05-25
DCE,2019-05-26
DCE,2019-06-01
DCE,2019-06-02
DCE,2019-06-07
DCE,2019-06-08
DCE,2019-06-09
DCE,2019-06-15
DCE,2019-06-16
DCE,2019-06-22
DCE,2019-06-23
DCE,2019-06-29
DCE,2019-06-30
DCE,2019-07-06
DCE,2019-07-07
DCE,2019-07-13
DCE,2019-07-14
DCE,2019-07-20
DCE,2019-07-21
DCE,2019-07-27
DCE,2019-07-28
DCE,2019-08-03
DCE,2019-08-04
DCE,2019-08-10
DCE,2019-08-11
DCE,2019-08-17
DCE,2019-08-18
DCE,2019-08-24
DCE,2019-08-25
DCE,2019-08-31
DCE,2019-09-01
DCE,2019-09-07
DCE,2019-09-08
DCE,2019-09-13
DCE,2019-09-14
DCE,2019-09-15
DCE,2019-09-21
DCE,2019-09-22
DCE,2019-09-28
DCE,2019-09-29
DCE,2019-10-01
DCE,2019-10-02
DCE,2019-10-03
DCE,2019-10-04
DCE,2019-10-05
DCE,2019-10-06
DCE,2019-10-07
DCE,2019-10-12
DCE,2019-10-13
DCE,2019-10-19
DCE,2019-10-20
DCE,2019-10-26
DCE,2019-10-27
DCE,2019-11-02
DCE,2019-11-03
DCE,2019-11-09
DCE,2019-11-10
DCE,2019-11-16
DCE,2019-11-17
DCE,2019-11-23
DCE,2019-11-24
DCE,2019-11-30
DCE,2019-12-01
DCE,2019-12-07
DCE,2019-12-08
DCE,2019-12-14
DCE,2019-12-15
DCE,2019-12-21
DCE,2019-12-22
DCE,2019-12-28
DCE,2019-12-29
CZCE,2019-01-01
CZCE,2019-01-05
CZCE,2019-01-06
CZCE,2019-01-12
CZCE,2019-01-13
CZCE,2019-01-19
CZCE,2019-01-20
CZCE,2019-01-26
CZCE,2019-01-27
CZCE,2019-02-02
CZCE,2019-02-03
CZCE,2019-02-04
CZCE,2019-02-05
CZCE,2019-02-06
CZCE,2019-02-07
CZCE,2019-02-08
CZCE,2019-02-09
CZCE,2019-02-10
CZCE,2019-02-16
CZCE,2019-02-17
CZCE,2019-02-23
CZCE,2019-02-24
CZCE,2019-03-02
CZCE,2019-03-03
CZCE,2019-03-09
CZCE,2019-03-10
CZCE,2019-03-16
CZCE,2019-03-17
CZCE,2019-03-23
CZCE,2019-03-24
CZCE,2019-03-30
CZCE,2019-03-31
CZCE,2019-04-05
CZCE,2019-04-06
CZCE,2019-04-07
CZCE,2019-04-13
CZCE,2019-04-14
CZCE,2019-04-20
CZCE,2019-04-21
CZCE,2019-04-27
CZCE,2019-04-28
CZCE,2019-05-01
CZCE,2019-05-04
CZCE,2019-05-05
CZCE,2019-05-11
CZCE,2019-05-12
CZCE,2019-05-18
CZCE,2019-05-19
CZCE,2019-05-25
CZCE,2019-05-26
CZCE,2019-06-01
CZCE,2019-06-02
CZCE,2019-06-07
CZCE,2019-06-08
CZCE,2019-06-09
CZCE,2019-06-15
CZCE,2019-06-16
CZCE,2019-06-22
CZCE,2019-06-23
CZCE,2019-06-29
CZCE,2019-06-30
CZCE,2019-07-06
CZCE,2019-07-07
CZCE,2019-07-13
CZCE,2019-07-14
CZCE,2019-07-20
CZCE,2019-07-21
CZCE,2019-07-27
CZCE,2019-07-28
CZCE,2019-08-03
CZCE,2019-08-04
CZCE,2019-08-10
CZCE,2019-08-11
CZCE,2019-08-17
CZCE,2019-08-18
CZCE,2019-08-24
CZCE,2019-08-25
CZCE,2019-08-31
CZCE,2019-09-01
CZCE,2019-09-07
CZCE,2019-09-08
CZCE,2019-09-13
CZCE,2019-09-14
CZCE,2019-09-15
CZCE,2019-09-21
CZCE,2019-09-22
CZCE,2019-09-28
CZCE,2019-09-29
CZCE,2019-10-01
CZCE,2019-10-02
CZCE,2019-10-03
CZCE,2019-10-04
CZCE,2019-10-05
CZCE,2019-10-06
CZCE,2019-10-07
CZCE,2019-10-12
CZCE,2019-10-13
CZCE,2019-10-19
CZCE,2019-10-20
CZCE,2019-10-26
CZCE,2019-10-27
CZCE,2019-11-02
CZCE,2019-11-03
CZCE,2019-11-09
CZCE,2019-11-10
CZCE,2019-11-16
CZCE,2019-11-17
CZCE,2019-11-23
CZCE,2019-11-24
CZCE,2019-11-30
CZCE,2019-12-01
CZCE,2019-12-07
CZCE,2019-12-08
CZCE,2019-12-14
CZCE,2019-12-15
CZCE,2019-12-21
CZCE,2019-12-22
CZCE,2019-12-28
CZCE,2019-12-29
CFFEX,2019-01-01
CFFEX,2019-01-05
CFFEX,2019-01-06
CFFEX,2019-01-12
CFFEX,2019-01-13
CFFEX,2019-01-19
CFFEX,2019-01-20
CFFEX,2019-01-26
CFFEX,2019-01-27
CFFEX,2019-02-02
CFFEX,2019-02-03
CFFEX,2019-02-04
CFFEX,2019-02-05
CFFEX,2019-02-06
CFFEX,2019-02-07
CFFEX,2019-02-08
CFFEX,2019-02-09
CFFEX,2019-02-10
CFFEX,2019-02-16
CFFEX,2019-02-17
CFFEX,2019-02-23
CFFEX,2019-02-24
CFFEX,2019-03-02
CFFEX,2019-03-03
CFFEX,2019-03-09
CFFEX,2019-03-10
CFFEX,2019-03-16
CFFEX,2019-03-17
CFFEX,2019-03-23
CFFEX,2019-03-24
CFFEX,2019-03-30
CFFEX,2019-03-31
CFFEX,2019-04-05
CFFEX,2019-04-06
CFFEX,2019-04-07
CFFEX,2019-04-13
CFFEX,2019-04-14
CFFEX,2019-04-20
CFFEX,2019-04-21
CFFEX,2019-04-27
CFFEX,2019-04-28
CFFEX,2019-05-01
CFFEX,2019-05-04
CFFEX,2019-05-05
CFFEX,2019-05-11
CFFEX,2019-05-12
CFFEX,2019-05-18
CFFEX,2019-05-19
CFFEX,2019-05-25
CFFEX,2019-05-26
CFFEX,2019-06-01
CFFEX,2019-06-02
CFFEX,2019-06-07
CFFEX,2019-06-08
CFFEX,2019-06-09
CFFEX,2019-06-15
CFFEX,2019-06-16
CFFEX,2019-06-22
CFFEX,2019-06-23
CFFEX,2019-06-29
CFFEX,2019-06-30
CFFEX,2019-07-06
CFFEX,2019-07-07
CFFEX,2019-07-13
CFFEX,2019-07-14
CFFEX,2019-07-20
CFFEX,2019-07-21
CFFEX,2019-07-27
CFFEX,2019-07-28
CFFEX,2019-08-03
CFFEX,2019-08-04
CFFEX,2019-08-10
CFFEX,2019-08-11
CFFEX,2019-08-17
CFFEX,2019-08-18
CFFEX,2019-08-24
CFFEX,2019-08-25
CFFEX,2019-08-31
CFFEX,2019-09-01
CFFEX,2019-09-07
CFFEX,2019-09-08
CFFEX,2019-09-13
CFFEX,2019-09-14
CFFEX,2019-09-15
CFFEX,2019-09-21
CFFEX,2019-09-22
CFFEX,2019-09-28
CFFEX,2019-09-29
CFFEX,2019-10-01
CFFEX,2019-10-02
CFFEX,2019-10-03
CFFEX,2019-10-04
CFFEX,2019-10-05
CFFEX,2019-10-06
CFFEX,2019-10-07
CFFEX,2019-10-12
CFFEX,2019-10-13
CFFEX,2019-10-19
CFFEX,2019-10-20
CFFEX,2019-10-26
CFFEX,2019-10-27
CFFEX,2019-11-02
CFFEX,2019-11-03
CFFEX,2019-11-09
CFFEX,2019-11-10
CFFEX,2019-11-16
CFFEX,2019-11-17
CFFEX,2019-11-23
CFFEX,2019-11-24
CFFEX,2019-11-30
CFFEX,2019-12-01
CFFEX,2019-12-07
CFFEX,2019-12-08
CFFEX,2019-12-14
CFFEX,2019-12-15
CFFEX,2019-12-21
CFFEX,2019-12-22
CFFEX,2019-12-28
CFFEX,2019-12-29
CME,2019-01-01
CME,2019-01-05
CME,2019-01-06
CME,2019-01-12
CME,2019-01-13
CME,2019-01-19
CME,2019-01-20
CME,2019-01-21
CME,2019-01-26
CME,2019-01-27
CME,2019-02-02
CME,2019-02-03
CME,2019-02-09
CME,2019-02-10
CME,2019-02-16
CME,2019-02-17
CME,2019-02-18
CME,2019-02-23
CME,2019-02-24
CME,2019-03-02
CME,2019-03-03
CME,2019-03-09
CME,2019-03-10
CME,2019-03-16
CME,2019-03-17
CME,2019-03-23
CME,2019-03-24
CME,2019-03-30
CME,2019-03-31
CME,2019-04-06
CME,2019-04-07
CME,2019-04-13
CME,2019-04-14
CME,2019-04-19
CME,2019-04-20
CME,2019-04-21
CME,2019-04-27
CME,2019-04-28
CME,2019-05-04
CME,2019-05-05
CME,2019-05-11
CME,2019-05-12
CME,2019-05-18
CME,2019-05-19
CME,2019-05-25
CME,2019-05-26
CME,2019-05-27
CME,2019-06-01
CME,2019-06-02
CME,2019-06-08
CME,2019-06-09
CME,2019-06-15
CME,2019-06-16
CME,2019-06-22
CME,2019-06-23
CME,2019-06-29
CME,2019-06-30
CME,2019-07-04
CME,2019-07-06
CME,2019-07-07
CME,2019-07-13
CME,2019-07-14
CME,2019-07-20
CME,2019-07-21
CME,2019-07-27
CME,2019-07-28
CME,2019-08-03
CME,2019-08-04
CME,2019-08-10
CME,2019-08-11
CME,2019-08-17
CME,2019-08-18
CME,2019-08-24
CME,2019-08-25
CME,2019-08-31
CME,2019-09-01
CME,2019-09-02
CME,2019-09-07
CME,2019-09-08
CME,2019-09-14
CME,2019-09-15
CME,2019-09-21
CME,2019-09-22
CME,2019-09-28
CME,2019-09-29
CME,2019-10-05
CME,2019-10-06
CME,2019-10-12
CME,2019-10-13
CME,2019-10-19
CME,2019-10-20
CME,2019-10-26
CME,2019-10-27
CME,2019-11-02
CME,2019-11-03
CME,2019-11-09
CME,2019-11-10
CME,2019-11-16
CME,2019-11-17
CME,2019-11-23
CME,2019-11-24
CME,2019-11-28
CME,2019-11-30
CME,2019-12-01
CME,2019-12-07
CME,2019-12-08
CME,2019-12-14
CME,2019-12-15
CME,2019-12-21
CME,2019-12-22
CME,2019-12-25
CME,2019-12-28
CME,2019-12-29
HKEX,2019-01-01
HKEX,2019-01-05
HKEX,2019-01-06
HKEX,2019-01-12
HKEX,2019-01-13
HKEX,2019-01-19
HKEX,2019-01-20
HKEX,2019-01-26
HKEX,2019-01-27
HKEX,2019-02-02
HKEX,2019-02-03
HKEX,2019-02-05
HKEX,2019-02-06
HKEX,2019-02-07
HKEX,2019-02-09
HKEX,2019-02-10
HKEX,2019-02-16
HKEX,2019-02-17
HKEX,2019-02-23
HKEX,2019-02-24
HKEX,2019-03-02
HKEX,2019-03-03
HKEX,2019-03-09
HKEX,2019-03-10
HKEX,2019-03-16
HKEX,2019-03-17
HKEX,2019-03-23
HKEX,2019-03-24
HKEX,2019-03-30
HKEX,2019-03-31
HKEX,2019-04-05
HKEX,2019-04-06
HKEX,2019-04-07
HKEX,2019-04-13
HKEX,2019-04-14
HKEX,2019-04-19
HKEX,2019-04-20
HKEX,2019-04-21
HKEX,2019-04-22
HKEX,2019-04-27
HKEX,2019-04-28
HKEX,2019-05-01
HKEX,2019-05-04
HKEX,2019-05-05
HKEX,2019-05-11
HKEX,2019-05-12
HKEX,2019-05-13
HKEX,2019-05-18
HKEX,2019-05-19
HKEX,2019-05-25
HKEX,2019-05-26
HKEX,2019-06-01
HKEX,2019-06-02
HKEX,2019-06-07
HKEX,2019-06-08
HKEX,2019-06-09
HKEX,2019-06-15
HKEX,2019-06-16
HKEX,2019-06-22
HKEX,2019-06-23
HKEX,2019-06-29
HKEX,2019-06-30
HKEX,2019-07-01
HKEX,2019-07-06
HKEX,2019-07-07
HKEX,2019-07-13
HKEX,2019-07-14
HKEX,2019-07-20
HKEX,2019-07-21
HKEX,2019-07-27
HKEX,2019-07-28
HKEX,2019-08-03
HKEX,2019-08-04
HKEX,2019-08-10
HKEX,2019-08-11
HKEX,2019-08-17
HKEX,2019-08-18
HKEX,2019-08-24
HKEX,2019-08-25
HKEX,2019-08-31
HKEX,2019-09-01
HKEX,2019-09-07
HKEX,2019-09-08
HKEX,2019-09-14
HKEX,2019-09-15
HKEX,2019-09-21
HKEX,2019-09-22
HKEX,2019-09-28
HKEX,2019-09-29
HKEX,2019-10-01
HKEX,2019-10-05
HKEX,2019-10-06
HKEX,2019-10-07
HKEX,2019-10-12
HKEX,2019-10-13
HKEX,2019-10-19
HKEX,2019-10-20
HKEX,2019-10-26
HKEX,2019-10-27
HKEX,2019-11-02
HKEX,2019-11-03
HKEX,2019-11-09
HKEX,2019-11-10
HKEX,2019-11-16
HKEX,2019-11-17
HKEX,2019-11-23
HKEX,2019-11-24
HKEX,2019-11-30
HKEX,2019-12-01
HKEX,2019-12-07
HKEX,2019-12-08
HKEX,2019-12-14
HKEX,2019-12-15
HKEX,2019-12-21
HKEX,2019-12-22
HKEX,2019-12-25
HKEX,2019-12-26
HKEX,2019-12-28
HKEX,2019-12-29
LME,2019-01-01
LME,2019-01-05
LME,2019-01-06
LME,2019-01-12
LME,2019-01-13
LME,2019-01-19
LME,2019-01-20
LME,2019-01-26
LME,2019-01-27
LME,2019-02-02
LME,2019-02-03
LME,2019-02-09
LME,2019-02-10
LME,2019-02-16
LME,2019-02-17
LME,2019-02-23
LME,2019-02-24
LME,2019-03-02
LME,2019-03-03
LME,2019-03-09
LME,2019-03-10
LME,2019-03-16
LME,2019-03-17
LME,2019-03-23
LME,2019-03-24
LME,2019-03-30
LME,2019-03-31
LME,2019-04-06
LME,2019-04-07
LME,2019-04-13
LME,2019-04-14
LME,2019-04-19
LME,2019-04-20
LME,2019-04-21
LME,2019-04-22
LME,2019-04-27
LME,2019-04-28
LME,2019-05-04
LME,2019-05-05
LME,2019-05-06
LME,2019-05-11
LME,2019-05-12
LME,2019-05-18
LME,2019-05-19
LME,2019-05-25
LME,2019-05-26
LME,2019-05-27
LME,2019-06-01
LME,2019-06-02
LME,2019-06-08
LME,2019-06-09
LME,2019-06-15
LME,2019-06-16
LME,2019-06-22
LME,2019-06-23
LME,2019-06-29
LME,2019-06-30
LME,2019-07-06
LME,2019-07-07
LME,2019-07-13
LME,2019-07-14
LME,2019-07-20
LME,2019-07-21
LME,2019-07-27
LME,2019-07-28
LME,2019-08-03
LME,2019-08-04
LME,2019-08-10
LME,2019-08-11
LME,2019-08-17
LME,2019-08-18
LME,2019-08-24
LME,2019-08-25
LME,2019-08-26
LME,2019-08-31
LME,2019-09-01
LME,2019-09-07
LME,2019-09-08
LME,2019-09-14
LME,2019-09-15
LME,2019-09-21
LME,2019-09-22
LME,2019-09-28
LME,2019-09-29
LME,2019-10-05
LME,2019-10-06
LME,2019-10-12
LME,2019-10-13
LME,2019-10-19
LME,2019-10-20
LME,2019-10-26
LME,2019-10-27
LME,2019-11-02
LME,2019-11-03
LME,2019-11-09
LME,2019-11-10
LME,2019-11-16
LME,2019-11-17
LME,2019-11-23
LME,2019-11-24
LME,2019-11-30
LME,2019-12-01
LME,2019-12-07
LME,2019-12-08
LME,2019-12-14
LME,2019-12-15
LME,2019-12-21
LME,2019-12-22
LME,2019-12-25
LME,2019-12-26
LME,2019-12-28
LME,2019-12-29
SGE,2019-01-01
SGE,2019-01-05
SGE,2019-01-06
SGE,2019-01-12
SGE,2019-01-13
SGE,2019-01-19
SGE,2019-01-20
SGE,2019-01-26
SGE,2019-01-27
SGE,2019-02-02
SGE,2019-02-03
SGE,2019-02-04
SGE,2019-02-05
SGE,2019-02-06
SGE,2019-02-07
SGE,2019-02-08
SGE,2019-02-09
SGE,2019-02-10
SGE,2019-02-16
SGE,2019-02-17
SGE,2019-02-23
SGE,2019-02-24
SGE,2019-03-02
SGE,2019-03-03
SGE,2019-03-09
SGE,2019-03-10
SGE,2019-03-16
SGE,2019-03-17
SGE,2019-03-23
SGE,2019-03-24
SGE,2019-03-30
SGE,2019-03-31
SGE,2019-04-05
SGE,2019-04-06
SGE,2019-04-07
SGE,2019-04-13
SGE,2019-04-14
SGE,2019-04-20
SGE,2019-04-21
SGE,2019-04-27
SGE,2019-04-28
SGE,2019-05-01
SGE,2019-05-04
SGE,2019-05-05
SGE,2019-05-11
SGE,2019-05-12
SGE,2019-05-18
SGE,2019-05-19
SGE,2019-05-25
SGE,2019-05-26
SGE,2019-06-01
SGE,2019-06-02
SGE,2019-06-07
SGE,2019-06-08
SGE,2019-06-09
SGE,2019-06-15
SGE,2019-06-16
SGE,2019-06-22
SGE,2019-06-23
SGE,2019-06-29
SGE,2019-06-30
SGE,2019-07-06
SGE,2019-07-07
SGE,2019-07-13
SGE,2019-07-14
SGE,2019-07-20
SGE,2019-07-21
SGE,2019-07-27
SGE,2019-07-28
SGE,2019-08-03
SGE,2019-08-04
SGE,2019-08-10
SGE,2019-08-11
SGE,2019-08-17
SGE,2019-08-18
SGE,2019-08-24
SGE,2019-08-25
SGE,2019-08-31
SGE,2019-09-01
SGE,2019-09-07
SGE,2019-09-08
SGE,2019-09-13
SGE,2019-09-14
SGE,2019-09-15
SGE,2019-09-21
SGE,2019-09-22
SGE,2019-09-28
SGE,2019-09-29
SGE,2019-10-01
SGE,2019-10-02
SGE,2019-10-03
SGE,2019-10-04
SGE,2019-10-05
SGE,2019-10-06
SGE,2019-10-07
SGE,2019-10-12
SGE,2019-10-13
SGE,2019-10-19
SGE,2019-10-20
SGE,2019-10-26
SGE,2019-10-27
SGE,2019-11-02
SGE,2019-11-03
SGE,2019-11-09
SGE,2019-11-10
SGE,2019-11-16
SGE,2019-11-17
SGE,2019-11-23
SGE,2019-11-24
SGE,2019-11-30
SGE,2019-12-01
SGE,2019-12-07
SGE,2019-12-08
SGE,2019-12-14
SGE,2019-12-15
SGE,2019-12-21
SGE,2019-12-22
SGE,2019-12-28
SGE,2019-12-29
SGXQ,2019-01-01
SGXQ,2019-01-05
SGXQ,2019-01-06
SGXQ,2019-01-12
SGXQ,2019-01-13
SGXQ,2019-01-19
SGXQ,2019-01-20
SGXQ,2019-01-26
SGXQ,2019-01-27
SGXQ,2019-02-02
SGXQ,2019-02-03
SGXQ,2019-02-05
SGXQ,2019-02-06
SGXQ,2019-02-09
SGXQ,2019-02-10
SGXQ,2019-02-16
SGXQ,2019-02-17
SGXQ,2019-02-23
SGXQ,2019-02-24
SGXQ,2019-03-02
SGXQ,2019-03-03
SGXQ,2019-03-09
SGXQ,2019-03-10
SGXQ,2019-03-16
SGXQ,2019-03-17
SGXQ,2019-03-23
SGXQ,2019-03-24
SGXQ,2019-03-30
SGXQ,2019-03-31
SGXQ,2019-04-06
SGXQ,2019-04-07
SGXQ,2019-04-13
SGXQ,2019-04-14
SGXQ,2019-04-19
SGXQ,2019-04-20
SGXQ,2019-04-21
SGXQ,2019-04-27
SGXQ,2019-04-28
SGXQ,2019-05-01
SGXQ,2019-05-04
SGXQ,2019-05-05
SGXQ,2019-05-11
SGXQ,2019-05-12
SGXQ,2019-05-18
SGXQ,2019-05-19
SGXQ,2019-05-20
SGXQ,2019-05-25
SGXQ,2019-05-26
SGXQ,2019-06-01
SGXQ,2019-06-02
SGXQ,2019-06-05
SGXQ,2019-06-08
SGXQ,2019-06-09
SGXQ,2019-06-15
SGXQ,2019-06-16
SGXQ,2019-06-22
SGXQ,2019-06-23
SGXQ,2019-06-29
SGXQ,2019-06-30
SGXQ,2019-07-06
SGXQ,2019-07-07
SGXQ,2019-07-13
SGXQ,2019-07-14
SGXQ,2019-07-20
SGXQ,2019-07-21
SGXQ,2019-07-27
SGXQ,2019-07-28
SGXQ,2019-08-03
SGXQ,2019-08-04
SGXQ,2019-08-09
SGXQ,2019-08-10
SGXQ,2019-08-11
SGXQ,2019-08-12
SGXQ,2019-08-17
SGXQ,2019-08-18
SGXQ,2019-08-24
SGXQ,2019-08-25
SGXQ,2019-08-31
SGXQ,2019-09-01
SGXQ,2019-09-07
SGXQ,2019-09-08
SGXQ,2019-09-14
SGXQ,2019-09-15
SGXQ,2019-09-21
SGXQ,2019-09-22
SGXQ,2019-09-28
SGXQ,2019-09-29
SGXQ,2019-10-05
SGXQ,2019-10-06
SGXQ,2019-10-12
SGXQ,2019-10-13
SGXQ,2019-10-19
SGXQ,2019-10-20
SGXQ,2019-10-26
SGXQ,2019-10-27
SGXQ,2019-10-28
SGXQ,2019-11-02
SGXQ,2019-11-03
SGXQ,2019-11-09
SGXQ,2019-11-10
SGXQ,2019-11-16
SGXQ,2019-11-17
SGXQ,2019-11-23
SGXQ,2019-11-24
SGXQ,2019-11-30
SGXQ,2019-12-01
SGXQ,2019-12-07
SGXQ,2019-12-08
SGXQ,2019-12-14
SGXQ,2019-12-15
SGXQ,2019-12-21
SGXQ,2019-12-22
SGXQ,2019-12-25
SGXQ,2019-12-28
SGXQ,2019-12-29
TOCOM,2019-01-01
TOCOM,2019-01-02
TOCOM,2019-01-03
TOCOM,2019-01-05
TOCOM,2019-01-06
TOCOM,2019-01-12
TOCOM,2019-01-13
TOCOM,2019-01-14
TOCOM,2019-01-19
TOCOM,2019-01-20
TOCOM,2019-01-26
TOCOM,2019-01-27
TOCOM,2019-02-02
TOCOM,2019-02-03
TOCOM,2019-02-09
TOCOM,2019-02-10
TOCOM,2019-02-11
TOCOM,2019-02-16
TOCOM,2019-02-17
TOCOM,2019-02-23
TOCOM,2019-02-24
TOCOM,2019-03-02
TOCOM,2019-03-03
TOCOM,2019-03-09
TOCOM,2019-03-10
TOCOM,2019-03-16
TOCOM,2019-03-17
TOCOM,2019-03-21
TOCOM,2019-03-23
TOCOM,2019-03-24
TOCOM,2019-03-30
TOCOM,2019-03-31
TOCOM,2019-04-06
TOCOM,2019-04-07
TOCOM,2019-04-13
TOCOM,2019-04-14
TOCOM,2019-04-20
TOCOM,2019-04-21
TOCOM,2019-04-27
TOCOM,2019-04-28
TOCOM,2019-04-29
TOCOM,2019-05-03
TOCOM,2019-05-04
TOCOM,2019-05-05
TOCOM,2019-05-06
TOCOM,2019-05-11
TOCOM,2019-05-12
TOCOM,2019-05-18
TOCOM,2019-05-19
TOCOM,2019-05-25
TOCOM,2019-05-26
TOCOM,2019-06-01
TOCOM,2019-06-02
TOCOM,2019-06-08
TOCOM,2019-06-09
TOCOM,2019-06-15
TOCOM,2019-06-16
TOCOM,2019-06-22
TOCOM,2019-06-23
TOCOM,2019-06-29
TOCOM,2019-06-30
TOCOM,2019-07-06
TOCOM,2019-07-07
TOCOM,2019-07-13
TOCOM,2019-07-14
TOCOM,2019-07-15
TOCOM,2019-07-20
TOCOM,2019-07-21
TOCOM,2019-07-27
TOCOM,2019-07-28
TOCOM,2019-08-03
TOCOM,2019-08-04
TOCOM,2019-08-10
TOCOM,2019-08-11
TOCOM,2019-08-12
TOCOM,2019-08-17
TOCOM,2019-08-18
TOCOM,2019-08-24
TOCOM,2019-08-25
TOCOM,2019-08-31
TOCOM,2019-09-01
TOCOM,2019-09-07
TOCOM,2019-09-08
TOCOM,2019-09-14
TOCOM,2019-09-15
TOCOM,2019-09-16
TOCOM,2019-09-21
TOCOM,2019-09-22
TOCOM,2019-09-23
TOCOM,2019-09-28
TOCOM,2019-09-29
TOCOM,2019-10-05
TOCOM,2019-10-06
TOCOM,2019-10-12
TOCOM,2019-10-13
TOCOM,2019-10-14
TOCOM,2019-10-19
TOCOM,2019-10-20
TOCOM,2019-10-26
TOCOM,2019-10-27
TOCOM,2019-11-02
TOCOM,2019-11-03
TOCOM,2019-11-04
TOCOM,2019-11-09
TOCOM,2019-11-10
TOCOM,2019-11-16
TOCOM,2019-11-17
TOCOM,2019-11-23
TOCOM,2019-11-24
TOCOM,2019-11-30
TOCOM,2019-12-01
TOCOM,2019-12-07
TOCOM,2019-12-08
TOCOM,2019-12-14
TOCOM,2019-12-15
TOCOM,2019-12-21
TOCOM,2019-12-22
TOCOM,2019-12-28
TOCOM,2019-12-29
TOCOM,2019-12-31
ICE,2019-01-01
ICE,2019-01-05
ICE,2019-01-06
ICE,2019-01-12
ICE,2019-01-13
ICE,2019-01-19
ICE,2019-01-20
ICE,2019-01-26
ICE,2019-01-27
ICE,2019-02-02
ICE,2019-02-03
ICE,2019-02-09
ICE,2019-02-10
ICE,2019-02-16
ICE,2019-02-17
ICE,2019-02-23
ICE,2019-02-24
ICE,2019-03-02
ICE,2019-03-03
ICE,2019-03-09
ICE,2019-03-10
ICE,2019-03-16
ICE,2019-03-17
ICE,2019-03-23
ICE,2019-03-24
ICE,2019-03-30
ICE,2019-03-31
ICE,2019-04-06
ICE,2019-04-07
ICE,2019-04-13
ICE,2019-04-14
ICE,2019-04-19
ICE,2019-04-20
ICE,2019-04-21
ICE,2019-04-22
ICE,2019-04-27
ICE,2019-04-28
ICE,2019-05-04
ICE,2019-05-05
ICE,2019-05-06
ICE,2019-05-11
ICE,2019-05-12
ICE,2019-05-18
ICE,2019-05-19
ICE,2019-05-25
ICE,2019-05-26
ICE,2019-05-27
ICE,2019-06-01
ICE,2019-06-02
ICE,2019-06-08
ICE,2019-06-09
ICE,2019-06-15
ICE,2019-06-16
ICE,2019-06-22
ICE,2019-06-23
ICE,2019-06-29
ICE,2019-06-30
ICE,2019-07-06
ICE,2019-07-07
ICE,2019-07-13
ICE,2019-07-14
ICE,2019-07-20
ICE,2019-07-21
ICE,2019-07-27
ICE,2019-07-28
ICE,2019-08-03
ICE,2019-08-04
ICE,2019-08-10
ICE,2019-08-11
ICE,2019-08-17
ICE,2019-08-18
ICE,2019-08-24
ICE,2019-08-25
ICE,2019-08-26
ICE,2019-08-31
ICE,2019-09-01
ICE,2019-09-07
ICE,2019-09-08
ICE,2019-09-14
ICE,2019-09-15
ICE,2019-09-21
ICE,2019-09-22
ICE,2019-09-28
ICE,2019-09-29
ICE,2019-10-05
ICE,2019-10-06
ICE,2019-10-12
ICE,2019-10-13
ICE,2019-10-19
ICE,2019-10-20
ICE,2019-10-26
ICE,2019-10-27
ICE,2019-11-02
ICE,2019-11-03
ICE,2019-11-09
ICE,2019-11-10
ICE,2019-11-16
ICE,2019-11-17
ICE,2019-11-23
ICE,2019-11-24
ICE,2019-11-30
ICE,2019-12-01
ICE,2019-12-07
ICE,2019-12-08
ICE,2019-12-14
ICE,2019-12-15
ICE,2019-12-21
ICE,2019-12-22
ICE,2019-12-25
ICE,2019-12-26
ICE,2019-12-28
ICE,2019-12-29
INE,2019-01-01
INE,2019-01-05
INE,2019-01-06
INE,2019-01-12
INE,2019-01-13
INE,2019-01-19
INE,2019-01-20
INE,2019-01-26
INE,2019-01-27
INE,2019-02-02
INE,2019-02-03
INE,2019-02-04
INE,2019-02-05
INE,2019-02-06
INE,2019-02-07
INE,2019-02-08
INE,2019-02-09
INE,2019-02-10
INE,2019-02-16
INE,2019-02-17
INE,2019-02-23
INE,2019-02-24
INE,2019-03-02
INE,2019-03-03
INE,2019-03-09
INE,2019-03-10
INE,2019-03-16
INE,2019-03-17
INE,2019-03-23
INE,2019-03-24
INE,2019-03-30
INE,2019-03-31
INE,2019-04-05
INE,2019-04-06
INE,2019-04-07
INE,2019-04-13
INE,2019-04-14
INE,2019-04-20
INE,2019-04-21
INE,2019-04-27
INE,2019-04-28
INE,2019-05-01
INE,2019-05-04
INE,2019-05-05
INE,2019-05-11
INE,2019-05-12
INE,2019-05-18
INE,2019-05-19
INE,2019-05-25
INE,2019-05-26
INE,2019-06-01
INE,2019-06-02
INE,2019-06-07
INE,2019-06-08
INE,2019-06-09
INE,2019-06-15
INE,2019-06-16
INE,2019-06-22
INE,2019-06-23
INE,2019-06-29
INE,2019-06-30
INE,2019-07-06
INE,2019-07-07
INE,2019-07-13
INE,2019-07-14
INE,2019-07-20
INE,2019-07-21
INE,2019-07-27
INE,2019-07-28
INE,2019-08-03
INE,2019-08-04
INE,2019-08-10
INE,2019-08-11
INE,2019-08-17
INE,2019-08-18
INE,2019-08-24
INE,2019-08-25
INE,2019-08-31
INE,2019-09-01
INE,2019-09-07
INE,2019-09-08
INE,2019-09-13
INE,2019-09-14
INE,2019-09-15
INE,2019-09-21
INE,2019-09-22
INE,2019-09-28
INE,2019-09-29
INE,2019-10-01
INE,2019-10-02
INE,2019-10-03
INE,2019-10-04
INE,2019-10-05
INE,2019-10-06
INE,2019-10-07
INE,2019-10-12
INE,2019-10-13
INE,2019-10-19
INE,2019-10-20
INE,2019-10-26
INE,2019-10-27
INE,2019-11-02
INE,2019-11-03
INE,2019-11-09
INE,2019-11-10
INE,2019-11-16
INE,2019-11-17
INE,2019-11-23
INE,2019-11-24
INE,2019-11-30
INE,2019-12-01
INE,2019-12-07
INE,2019-12-08
INE,2019-12-14
INE,2019-12-15
INE,2019-12-21
INE,2019-12-22
INE,2019-12-28
INE,2019-12-29
CME_CBT,2019-01-01
CME_CBT,2019-01-05
CME_CBT,2019-01-06
CME_CBT,2019-01-12
CME_CBT,2019-01-13
CME_CBT,2019-01-19
CME_CBT,2019-01-20
CME_CBT,2019-01-21
CME_CBT,2019-01-26
CME_CBT,2019-01-27
CME_CBT,2019-02-02
CME_CBT,2019-02-03
CME_CBT,2019-02-09
CME_CBT,2019-02-10
CME_CBT,2019-02-16
CME_CBT,2019-02-17
CME_CBT,2019-02-18
CME_CBT,2019-02-23
CME_CBT,2019-02-24
CME_CBT,2019-03-02
CME_CBT,2019-03-03
CME_CBT,2019-03-09
CME_CBT,2019-03-10
CME_CBT,2019-03-16
CME_CBT,2019-03-17
CME_CBT,2019-03-23
CME_CBT,2019-03-24
CME_CBT,2019-03-30
CME_CBT,2019-03-31
CME_CBT,2019-04-06
CME_CBT,2019-04-07
CME_CBT,2019-04-13
CME_CBT,2019-04-14
CME_CBT,2019-04-19
CME_CBT,2019-04-20
CME_CBT,2019-04-21
CME_CBT,2019-04-27
CME_CBT,2019-04-28
CME_CBT,2019-05-04
CME_CBT,2019-05-05
CME_CBT,2019-05-11
CME_CBT,2019-05-12
CME_CBT,2019-05-18
CME_CBT,2019-05-19
CME_CBT,2019-05-25
CME_CBT,2019-05-26
CME_CBT,2019-05-27
CME_CBT,2019-06-01
CME_CBT,2019-06-02
CME_CBT,2019-06-08
CME_CBT,2019-06-09
CME_CBT,2019-06-15
CME_CBT,2019-06-16
CME_CBT,2019-06-22
CME_CBT,2019-06-23
CME_CBT,2019-06-29
CME_CBT,2019-06-30
CME_CBT,2019-07-04
CME_CBT,2019-07-06
CME_CBT,2019-07-07
CME_CBT,2019-07-13
CME_CBT,2019-07-14
CME_CBT,2019-07-20
CME_CBT,2019-07-21
CME_CBT,2019-07-27
CME_CBT,2019-07-28
CME_CBT,2019-08-03
CME_CBT,2019-08-04
CME_CBT,2019-08-10
CME_CBT,2019-08-11
CME_CBT,2019-08-17
CME_CBT,2019-08-18
CME_CBT,2019-08-24
CME_CBT,2019-08-25
CME_CBT,2019-08-31
CME_CBT,2019-09-01
CME_CBT,2019-09-02
CME_CBT,2019-09-07
CME_CBT,2019-09-08
CME_CBT,2019-09-14
CME_CBT,2019-09-15
CME_CBT,2019-09-21
CME_CBT,2019-09-22
CME_CBT,2019-09-28
CME_CBT,2019-09-29
CME_CBT,2019-10-05
CME_CBT,2019-10-06
CME_CBT,2019-10-12
CME_CBT,2019-10-13
CME_CBT,2019-10-19
CME_CBT,2019-10-20
CME_CBT,2019-10-26
CME_CBT,2019-10-27
CME_CBT,2019-11-02
CME_CBT,2019-11-03
CME_CBT,2019-11-09
CME_CBT,2019-11-10
CME_CBT,2019-11-16
CME_CBT,2019-11-17
CME_CBT,2019-11-23
CME_CBT,2019-11-24
CME_CBT,2019-11-28
CME_CBT,2019-11-30
CME_CBT,2019-12-01
CME_CBT,2019-12-07
CME_CBT,2019-12-08
CME_CBT,2019-12-14
CME_CBT,2019-12-15
CME_CBT,2019-12-21
CME_CBT,2019-12-22
CME_CBT,2019-12-25
CME_CBT,2019-12-28
CME_CBT,2019-12-29
IDC,2019-01-01
IDC,2019-01-05
IDC,2019-01-06
IDC,2019-01-12
IDC,2019-01-13
IDC,2019-01-19
IDC,2019-01-20
IDC,2019-01-26
IDC,2019-01-27
IDC,2019-02-02
IDC,2019-02-03
IDC,2019-02-09
IDC,2019-02-10
IDC,2019-02-16
IDC,2019-02-17
IDC,2019-02-23
IDC,2019-02-24
IDC,2019-03-02
IDC,2019-03-03
IDC,2019-03-09
IDC,2019-03-10
IDC,2019-03-16
IDC,2019-03-17
IDC,2019-03-23
IDC,2019-03-24
IDC,2019-03-30
IDC,2019-03-31
IDC,2019-04-06
IDC,2019-04-07
IDC,2019-04-13
IDC,2019-04-14
IDC,2019-04-19
IDC,2019-04-20
IDC,2019-04-21
IDC,2019-04-22
IDC,2019-04-27
IDC,2019-04-28
IDC,2019-05-04
IDC,2019-05-05
IDC,2019-05-06
IDC,2019-05-11
IDC,2019-05-12
IDC,2019-05-18
IDC,2019-05-19
IDC,2019-05-25
IDC,2019-05-26
IDC,2019-05-27
IDC,2019-06-01
IDC,2019-06-02
IDC,2019-06-08
IDC,2019-06-09
IDC,2019-06-15
IDC,2019-06-16
IDC,2019-06-22
IDC,2019-06-23
IDC,2019-06-29
IDC,2019-06-30
IDC,2019-07-06
IDC,2019-07-07
IDC,2019-07-13
IDC,2019-07-14
IDC,2019-07-20
IDC,2019-07-21
IDC,2019-07-27
IDC,2019-07-28
IDC,2019-08-03
IDC,2019-08-04
IDC,2019-08-10
IDC,2019-08-11
IDC,2019-08-17
IDC,2019-08-18
IDC,2019-08-24
IDC,2019-08-25
IDC,2019-08-26
IDC,2019-08-31
IDC,2019-09-01
IDC,2019-09-07
IDC,2019-09-08
IDC,2019-09-14
IDC,2019-09-15
IDC,2019-09-21
IDC,2019-09-22
IDC,2019-09-28
IDC,2019-09-29
IDC,2019-10-05
IDC,2019-10-06
IDC,2019-10-12
IDC,2019-10-13
IDC,2019-10-19
IDC,2019-10-20
IDC,2019-10-26
IDC,2019-10-27
IDC,2019-11-02
IDC,2019-11-03
IDC,2019-11-09
IDC,2019-11-10
IDC,2019-11-16
IDC,2019-11-17
IDC,2019-11-23
IDC,2019-11-24
IDC,2019-11-30
IDC,2019-12-01
IDC,2019-12-07
IDC,2019-12-08
IDC,2019-12-14
IDC,2019-12-15
IDC,2019-12-21
IDC,2019-12-22
IDC,2019-12-25
IDC,2019-12-26
IDC,2019-12-28
IDC,2019-12-29
NYBOT,2019-01-01
NYBOT,2019-01-05
NYBOT,2019-01-06
NYBOT,2019-01-12
NYBOT,2019-01-13
NYBOT,2019-01-19
NYBOT,2019-01-20
NYBOT,2019-01-21
NYBOT,2019-01-26
NYBOT,2019-01-27
NYBOT,2019-02-02
NYBOT,2019-02-03
NYBOT,2019-02-09
NYBOT,2019-02-10
NYBOT,2019-02-16
NYBOT,2019-02-17
NYBOT,2019-02-18
NYBOT,2019-02-23
NYBOT,2019-02-24
NYBOT,2019-03-02
NYBOT,2019-03-03
NYBOT,2019-03-09
NYBOT,2019-03-10
NYBOT,2019-03-16
NYBOT,2019-03-17
NYBOT,2019-03-23
NYBOT,2019-03-24
NYBOT,2019-03-30
NYBOT,2019-03-31
NYBOT,2019-04-06
NYBOT,2019-04-07
NYBOT,2019-04-13
NYBOT,2019-04-14
NYBOT,2019-04-19
NYBOT,2019-04-20
NYBOT,2019-04-21
NYBOT,2019-04-27
NYBOT,2019-04-28
NYBOT,2019-05-04
NYBOT,2019-05-05
NYBOT,2019-05-11
NYBOT,2019-05-12
NYBOT,2019-05-18
NYBOT,2019-05-19
NYBOT,2019-05-25
NYBOT,2019-05-26
NYBOT,2019-05-27
NYBOT,2019-06-01
NYBOT,2019-06-02
NYBOT,2019-06-08
NYBOT,2019-06-09
NYBOT,2019-06-15
NYBOT,2019-06-16
NYBOT,2019-06-22
NYBOT,2019-06-23
NYBOT,2019-06-29
NYBOT,2019-06-30
NYBOT,2019-07-04
NYBOT,2019-07-06
NYBOT,2019-07-07
NYBOT,2019-07-13
NYBOT,2019-07-14
NYBOT,2019-07-20
NYBOT,2019-07-21
NYBOT,2019-07-27
NYBOT,2019-07-28
NYBOT,2019-08-03
NYBOT,2019-08-04
NYBOT,2019-08-10
NYBOT,2019-08-11
NYBOT,2019-08-17
NYBOT,2019-08-18
NYBOT,2019-08-24
NYBOT,2019-08-25
NYBOT,2019-08-31
NYBOT,2019-09-01
NYBOT,2019-09-02
NYBOT,2019-09-07
NYBOT,2019-09-08
NYBOT,2019-09-14
NYBOT,2019-09-15
NYBOT,2019-09-21
NYBOT,2019-09-22
NYBOT,2019-09-28
NYBOT,2019-09-29
NYBOT,2019-10-05
NYBOT,2019-10-06
NYBOT,2019-10-12
NYBOT,2019-10-13
NYBOT,2019-10-19
NYBOT,2019-10-20
NYBOT,2019-10-26
NYBOT,2019-10-27
NYBOT,2019-11-02
NYBOT,2019-11-03
NYBOT,2019-11-09
NYBOT,2019-11-10
NYBOT,2019-11-16
NYBOT,2019-11-17
NYBOT,2019-11-23
NYBOT,2019-11-24
NYBOT,2019-11-28
NYBOT,2019-11-30
NYBOT,2019-12-01
NYBOT,2019-12-07
NYBOT,2019-12-08
NYBOT,2019-12-14
NYBOT,2019-12-15
NYBOT,2019-12-21
NYBOT,2019-12-22
NYBOT,2019-12-25
NYBOT,2019-12-28
NYBOT,2019-12-29